0;4.16602;0.00947521;0;0;;
2;4.16599;0.00947885;0.00526603;2.19382e-05;;
3;4.20221;0.521362;0.150089;0.000630514;;
4;4.19948;0.520544;0.294684;0.00123774;;
5;4.20009;0.520501;0.439268;0.001845;;
6;4.2006;0.520456;0.583839;0.00245229;;
7;4.20113;0.520458;0.728411;0.00305965;;
8;4.20157;0.52045;0.87298;0.00366707;;
9;4.20198;0.520439;1.01755;0.00427454;;
10;4.20225;0.515022;1.16061;0.00487572;;
11;4.20221;0.50853;1.30187;0.00546932;;
12;4.20224;0.502767;1.44152;0.00605619;;
13;4.20221;0.497627;1.57975;0.00663706;;
14;4.20224;0.492361;1.71652;0.00721179;;
15;4.20225;0.48699;1.8518;0.00778025;;
16;4.2022;0.482036;1.98569;0.00834292;;
17;4.20222;0.477297;2.11828;0.00890006;;
18;4.2022;0.473038;2.24968;0.00945222;;
19;4.20219;0.468717;2.37988;0.00999935;;
20;4.20221;0.464646;2.50894;0.0105417;;
21;4.2022;0.460829;2.63695;0.0110796;;
22;4.20221;0.456675;2.76381;0.0116127;;
23;4.20219;0.453059;2.88966;0.0121415;;
24;4.20222;0.449841;3.01461;0.0126666;;
25;4.20224;0.446502;3.13864;0.0131878;;
26;4.20225;0.443186;3.26175;0.0137052;;
27;4.20221;0.440004;3.38397;0.0142188;;
28;4.20221;0.436578;3.50524;0.0147284;;
29;4.20222;0.433793;3.62574;0.0152347;;
30;4.20222;0.431144;3.7455;0.015738;;
31;4.20221;0.428263;3.86446;0.0162379;;
32;4.20224;0.425413;3.98263;0.0167345;;
33;4.2022;0.422844;4.10009;0.0172281;;
34;4.2022;0.420017;4.21676;0.0177183;;
35;4.20226;0.417687;4.33279;0.0182059;;
36;4.2022;0.4151;4.44809;0.0186904;;
37;4.20223;0.412507;4.56268;0.019172;;
38;4.20222;0.410082;4.67659;0.0196506;;
39;4.20221;0.40755;4.7898;0.0201264;;
40;4.20223;0.405298;4.90238;0.0205995;;
41;4.2022;0.40308;5.01435;0.02107;;
42;4.20218;0.400753;5.12567;0.0215378;;
43;4.20219;0.398662;5.23641;0.0220031;;
44;4.2022;0.396659;5.34659;0.0224661;;
45;4.20221;0.394669;5.45622;0.0229268;;
46;4.20218;0.392458;5.56524;0.0233849;;
47;4.2022;0.390295;5.67365;0.0238405;;
48;4.20218;0.388496;5.78157;0.024294;;
49;4.20222;0.386365;5.88889;0.024745;;
50;4.20218;0.384389;5.99567;0.0251937;;
51;4.20217;0.382394;6.10189;0.02564;;
52;4.20217;0.380617;6.20761;0.0260843;;
53;4.20217;0.378997;6.31289;0.0265267;;
54;4.2022;0.377687;6.4178;0.0269676;;
55;4.20221;0.375976;6.52224;0.0274064;;
56;4.20223;0.374446;6.62625;0.0278435;;
57;4.20225;0.372734;6.72979;0.0282786;;
58;4.20223;0.370988;6.83284;0.0287116;;
59;4.20218;0.369416;6.93546;0.0291429;;
60;4.20219;0.367779;7.03762;0.0295722;;
61;4.20221;0.366082;7.13931;0.0299995;;
62;4.20221;0.364592;7.24058;0.0304251;;
63;4.20219;0.363197;7.34147;0.030849;;
64;4.20223;0.361836;7.44198;0.0312714;;
65;4.2022;0.360247;7.54205;0.0316919;;
66;4.20221;0.358706;7.64169;0.0321106;;
67;4.20221;0.357066;7.74088;0.0325274;;
68;4.20221;0.355691;7.83968;0.0329426;;
69;4.20219;0.35441;7.93813;0.0333563;;
70;4.20221;0.353138;8.03622;0.0337685;;
71;4.20221;0.351776;8.13394;0.0341791;;
72;4.2022;0.35017;8.23121;0.0345879;;
73;4.20221;0.349029;8.32816;0.0349953;;
74;4.2022;0.347622;8.42472;0.035401;;
75;4.20218;0.34628;8.52091;0.0358052;;
76;4.20218;0.345019;8.61675;0.036208;;
77;4.20217;0.343689;8.71222;0.0366092;;
78;4.20222;0.342934;8.80748;0.0370095;;
79;4.20222;0.341811;8.90242;0.0374084;;
80;4.20223;0.340545;8.99702;0.037806;;
81;4.20223;0.339157;9.09123;0.0382018;;
82;4.20221;0.338068;9.18514;0.0385965;;
83;4.20223;0.336667;9.27866;0.0389895;;
84;4.20222;0.335499;9.37185;0.0393811;;
85;4.2022;0.33416;9.46467;0.0397711;;
86;4.20222;0.332915;9.55715;0.0401597;;
87;4.20219;0.331585;9.64926;0.0405468;;
88;4.20221;0.330558;9.74108;0.0409326;;
89;4.2022;0.329447;9.83259;0.0413172;;
90;4.2022;0.328632;9.92388;0.0417008;;
91;4.2022;0.327845;10.0149;0.0420835;;
92;4.20223;0.326648;10.1057;0.0424648;;
93;4.20222;0.325656;10.1961;0.0428449;;
94;4.20222;0.32477;10.2864;0.043224;;
95;4.20224;0.323785;10.3763;0.043602;;
96;4.20223;0.322448;10.4659;0.0439784;;
97;4.20219;0.321523;10.5552;0.0443537;;
98;4.20221;0.320517;10.6442;0.0447278;;
99;4.20221;0.319244;10.7329;0.0451004;;
100;4.20217;0.317901;10.8212;0.0454715;;
101;4.20217;0.316972;10.9092;0.0458415;;
102;4.20219;0.316205;10.9971;0.0462106;;
103;4.2022;0.31529;11.0847;0.0465786;;
104;4.2022;0.314339;11.172;0.0469456;;
105;4.20218;0.31334;11.259;0.0473113;;
106;4.20219;0.312191;11.3457;0.0476757;;
107;4.20219;0.311258;11.4322;0.0480391;;
108;4.2022;0.309989;11.5183;0.0484009;;
109;4.20218;0.309012;11.6041;0.0487616;;
110;4.2022;0.30818;11.6897;0.0491213;;
111;4.20219;0.30723;11.7751;0.0494799;;
112;4.20219;0.306301;11.8602;0.0498375;;
113;4.20217;0.305244;11.945;0.0501938;;
114;4.20216;0.304467;12.0295;0.0505492;;
115;4.20217;0.303427;12.1138;0.0509034;;
116;4.20219;0.302863;12.1979;0.0512569;;
117;4.2022;0.302058;12.2819;0.0516095;;
118;4.20219;0.301169;12.3655;0.051961;;
119;4.2022;0.300362;12.4489;0.0523116;;
120;4.20222;0.299863;12.5322;0.0526617;;
121;4.20222;0.298731;12.6152;0.0530104;;
122;4.20222;0.2977;12.6979;0.0533579;;
123;4.20221;0.296957;12.7804;0.0537045;;
124;4.20218;0.295905;12.8626;0.0540499;;
125;4.20215;0.295143;12.9446;0.0543944;;
126;4.20219;0.294507;13.0264;0.0547382;;
127;4.20222;0.293767;13.108;0.0550811;;
128;4.20219;0.293028;13.1894;0.0554231;;
129;4.20219;0.29199;13.2705;0.055764;;
130;4.2022;0.291026;13.3513;0.0561037;;
131;4.20217;0.290025;13.4319;0.0564422;;
132;4.20217;0.289131;13.5122;0.0567797;;
133;4.20218;0.288477;13.5923;0.0571164;;
134;4.20216;0.288003;13.6723;0.0574526;;
135;4.20218;0.287181;13.7521;0.0577878;;
136;4.20221;0.286439;13.8317;0.0581222;;
137;4.20221;0.285796;13.9111;0.0584558;;
138;4.20218;0.284836;13.9902;0.0587883;;
139;4.2022;0.283605;14.069;0.0591193;;
140;4.20221;0.282868;14.1475;0.0594495;;
141;4.20217;0.281817;14.2258;0.0597784;;
142;4.20215;0.281031;14.3039;0.0601065;;
143;4.20219;0.280469;14.3818;0.0604339;;
144;4.2022;0.279855;14.4595;0.0607605;;
145;4.20221;0.278852;14.537;0.061086;;
146;4.20216;0.278097;14.6142;0.0614107;;
147;4.20219;0.277139;14.6912;0.0617341;;
148;4.2022;0.276284;14.768;0.0620566;;
149;4.20218;0.275781;14.8446;0.0623786;;
150;4.2022;0.274942;14.921;0.0626995;;
151;4.20221;0.274065;14.9971;0.0630194;;
152;4.20217;0.273446;15.073;0.0633386;;
153;4.20219;0.272928;15.1489;0.0636572;;
154;4.20221;0.272191;15.2245;0.0639749;;
155;4.20218;0.271383;15.2998;0.0642917;;
156;4.2022;0.270648;15.375;0.0646076;;
157;4.20219;0.269918;15.45;0.0649227;;
158;4.20219;0.269017;15.5247;0.0652367;;
159;4.20218;0.268211;15.5992;0.0655498;;
160;4.20222;0.267637;15.6736;0.0658622;;
161;4.20216;0.266557;15.7476;0.0661733;;
162;4.20217;0.26575;15.8214;0.0664835;;
163;4.20221;0.265359;15.8952;0.0667933;;
164;4.20217;0.264397;15.9686;0.0671019;;
165;4.2022;0.26383;16.0419;0.0674098;;
166;4.20218;0.263319;16.115;0.0677172;;
167;4.2022;0.262524;16.1879;0.0680236;;
168;4.20216;0.261774;16.2607;0.0683292;;
169;4.20219;0.261071;16.3332;0.0686339;;
170;4.2022;0.260496;16.4055;0.068938;;
171;4.2022;0.259979;16.4778;0.0692415;;
172;4.20221;0.259357;16.5498;0.0695442;;
173;4.20219;0.258825;16.6217;0.0698463;;
174;4.2022;0.258344;16.6935;0.0701479;;
175;4.2022;0.257561;16.765;0.0704486;;
176;4.20219;0.25658;16.8363;0.0707481;;
177;4.20217;0.255801;16.9073;0.0710466;;
178;4.20219;0.255307;16.9783;0.0713447;;
179;4.20222;0.254441;17.0489;0.0716417;;
180;4.2022;0.253814;17.1194;0.0719379;;
181;4.20216;0.253415;17.1898;0.0722337;;
182;4.20219;0.252791;17.26;0.0725288;;
183;4.20219;0.251998;17.33;0.072823;;
184;4.20216;0.251117;17.3998;0.0731161;;
185;4.20218;0.250724;17.4694;0.0734087;;
186;4.20219;0.249919;17.5389;0.0737005;;
187;4.20219;0.249324;17.6081;0.0739915;;
188;4.20218;0.248681;17.6772;0.0742818;;
189;4.20218;0.247906;17.7461;0.0745712;;
190;4.20215;0.247384;17.8148;0.0748599;;
191;4.20219;0.246874;17.8834;0.0751481;;
192;4.20225;0.246488;17.9518;0.0754358;;
193;4.20221;0.245524;18.02;0.0757224;;
194;4.20216;0.245068;18.0881;0.0760085;;
195;4.20218;0.244327;18.156;0.0762937;;
196;4.20219;0.243719;18.2237;0.0765781;;
197;4.2022;0.242967;18.2912;0.0768618;;
198;4.20218;0.242303;18.3585;0.0771446;;
199;4.20215;0.241378;18.4255;0.0774263;;
200;4.20218;0.240962;18.4925;0.0777076;;
201;4.2022;0.240543;18.5593;0.0779884;;
202;4.20219;0.239944;18.6259;0.0782685;;
203;4.2022;0.239586;18.6925;0.0785481;;
204;4.2022;0.239012;18.7589;0.0788271;;
205;4.20219;0.238187;18.825;0.0791052;;
206;4.20218;0.237382;18.891;0.0793822;;
207;4.20218;0.236755;18.9567;0.0796586;;
208;4.2022;0.236367;19.0224;0.0799345;;
209;4.20218;0.235632;19.0878;0.0802096;;
210;4.20222;0.23512;19.1532;0.080484;;
211;4.20218;0.234571;19.2183;0.0807578;;
212;4.20221;0.233957;19.2833;0.0810309;;
213;4.20222;0.233493;19.3482;0.0813035;;
214;4.20223;0.232731;19.4128;0.0815751;;
215;4.20215;0.232161;19.4773;0.0818461;;
216;4.20217;0.23177;19.5417;0.0821167;;
217;4.20219;0.23099;19.6058;0.0823863;;
218;4.20215;0.230308;19.6698;0.0826551;;
219;4.20219;0.229702;19.7336;0.0829232;;
220;4.20215;0.229175;19.7973;0.0831907;;
221;4.20218;0.228701;19.8608;0.0834577;;
222;4.2022;0.22857;19.9243;0.0837245;;
223;4.20219;0.22757;19.9875;0.0839901;;
224;4.20222;0.227089;20.0506;0.0842552;;
225;4.20219;0.226213;20.1134;0.0845193;;
226;4.20218;0.225607;20.1761;0.0847826;;
227;4.20217;0.225213;20.2387;0.0850455;;
228;4.20215;0.224386;20.301;0.0853074;;
229;4.20216;0.224003;20.3632;0.0855689;;
230;4.20217;0.223414;20.4253;0.0858297;;
231;4.20216;0.222463;20.4871;0.0860894;;
232;4.20215;0.221995;20.5487;0.0863485;;
233;4.20218;0.221815;20.6104;0.0866074;;
234;4.20216;0.221119;20.6718;0.0868655;;
235;4.20217;0.22054;20.733;0.0871229;;
236;4.20214;0.219977;20.7941;0.0873797;;
237;4.20217;0.219423;20.8551;0.0876358;;
238;4.20218;0.219088;20.9159;0.0878916;;
239;4.20217;0.218581;20.9767;0.0881467;;
240;4.20216;0.217961;21.0372;0.0884011;;
241;4.20217;0.217359;21.0976;0.0886548;;
242;4.20214;0.216783;21.1578;0.0889079;;
243;4.20216;0.216264;21.2179;0.0891603;;
244;4.20216;0.215597;21.2778;0.089412;;
245;4.20214;0.215124;21.3375;0.0896631;;
246;4.20217;0.214934;21.3972;0.089914;;
247;4.20218;0.214471;21.4568;0.0901643;;
248;4.20217;0.213939;21.5162;0.090414;;
249;4.20218;0.213065;21.5754;0.0906627;;
250;4.20219;0.212496;21.6344;0.0909108;;
251;4.20215;0.211949;21.6933;0.0911582;;
252;4.20215;0.211638;21.7521;0.0914052;;
253;4.20222;0.210971;21.8107;0.0916515;;
254;4.20215;0.210525;21.8692;0.0918972;;
255;4.20218;0.210145;21.9276;0.0921425;;
256;4.20219;0.209626;21.9858;0.0923872;;
257;4.20221;0.20936;22.0439;0.0926316;;
258;4.20221;0.20896;22.102;0.0928755;;
259;4.20219;0.208428;22.1599;0.0931188;;
260;4.20219;0.208053;22.2177;0.0933617;;
261;4.20221;0.207704;22.2754;0.0936041;;
262;4.20221;0.207343;22.333;0.0938461;;
263;4.20219;0.206975;22.3905;0.0940877;;
264;4.20222;0.20653;22.4478;0.0943288;;
265;4.20222;0.205793;22.505;0.094569;;
266;4.2022;0.2053;22.562;0.0948087;;
267;4.20219;0.204676;22.6189;0.0950476;;
268;4.20221;0.204204;22.6756;0.095286;;
269;4.20224;0.203638;22.7322;0.0955237;;
270;4.20222;0.203043;22.7886;0.0957607;;
271;4.20223;0.202651;22.8449;0.0959972;;
272;4.20222;0.201984;22.901;0.096233;;
273;4.20222;0.20157;22.957;0.0964683;;
274;4.20218;0.201254;23.0129;0.0967032;;
275;4.20223;0.200847;23.0687;0.0969376;;
276;4.20222;0.200557;23.1244;0.0971717;;
277;4.20223;0.200105;23.1799;0.0974053;;
278;4.20223;0.199522;23.2354;0.0976382;;
279;4.20221;0.198953;23.2906;0.0978705;;
280;4.2022;0.198616;23.3458;0.0981023;;
281;4.2022;0.198161;23.4009;0.0983336;;
282;4.20222;0.197795;23.4558;0.0985645;;
283;4.2022;0.197163;23.5106;0.0987946;;
284;4.20218;0.196644;23.5652;0.0990242;;
285;4.20219;0.196237;23.6197;0.0992532;;
286;4.20219;0.195737;23.6741;0.0994817;;
287;4.2022;0.195367;23.7283;0.0997098;;
288;4.20219;0.19476;23.7824;0.0999371;;
289;4.2022;0.19413;23.8364;0.100164;;
290;4.2022;0.193617;23.8901;0.10039;;
291;4.20219;0.192941;23.9437;0.100615;;
292;4.20217;0.19243;23.9972;0.10084;;
293;4.20217;0.191925;24.0505;0.101064;;
294;4.20215;0.191523;24.1037;0.101287;;
295;4.20218;0.191337;24.1569;0.10151;;
296;4.20217;0.190853;24.2099;0.101733;;
297;4.20217;0.190531;24.2628;0.101956;;
298;4.20218;0.190133;24.3156;0.102178;;
299;4.20218;0.189521;24.3683;0.102399;;
300;4.20218;0.188929;24.4207;0.102619;;
301;4.20218;0.188684;24.4731;0.10284;;
302;4.20218;0.188361;24.5255;0.103059;;
303;4.20222;0.188113;24.5777;0.103279;;
304;4.2022;0.187511;24.6298;0.103498;;
305;4.20217;0.186831;24.6817;0.103716;;
306;4.20216;0.18631;24.7335;0.103933;;
307;4.20221;0.185769;24.7851;0.10415;;
308;4.20218;0.185225;24.8365;0.104367;;
309;4.20215;0.184442;24.8877;0.104582;;
310;4.2022;0.184135;24.9389;0.104797;;
311;4.20216;0.183577;24.9899;0.105011;;
312;4.20215;0.183127;25.0408;0.105225;;
313;4.20215;0.1828;25.0915;0.105438;;
314;4.20218;0.18242;25.1422;0.105651;;
315;4.20217;0.181871;25.1927;0.105863;;
316;4.20217;0.181553;25.2432;0.106075;;
317;4.20217;0.181338;25.2935;0.106287;;
318;4.20216;0.180934;25.3438;0.106498;;
319;4.20216;0.180475;25.3939;0.106709;;
320;4.20218;0.180361;25.444;0.106919;;
321;4.20217;0.179886;25.494;0.107129;;
322;4.20216;0.179252;25.5438;0.107339;;
323;4.2022;0.178948;25.5935;0.107547;;
324;4.2022;0.178698;25.6431;0.107756;;
325;4.20219;0.178414;25.6927;0.107964;;
326;4.20217;0.178029;25.7421;0.108172;;
327;4.20222;0.177739;25.7915;0.10838;;
328;4.2022;0.17716;25.8407;0.108586;;
329;4.20219;0.176983;25.8899;0.108793;;
330;4.20219;0.176623;25.9389;0.108999;;
331;4.20222;0.176098;25.9879;0.109205;;
332;4.20224;0.17577;26.0367;0.10941;;
333;4.20219;0.175121;26.0853;0.109614;;
334;4.20219;0.174766;26.1339;0.109818;;
335;4.2022;0.174896;26.1825;0.110022;;
336;4.20223;0.17442;26.2309;0.110226;;
337;4.20224;0.174202;26.2793;0.110429;;
338;4.20222;0.173656;26.3275;0.110632;;
339;4.2022;0.173289;26.3757;0.110834;;
340;4.20216;0.172838;26.4237;0.111036;;
341;4.20218;0.172531;26.4716;0.111238;;
342;4.20224;0.172206;26.5194;0.111439;;
343;4.20222;0.171809;26.5672;0.111639;;
344;4.2022;0.171481;26.6148;0.111839;;
345;4.20219;0.171012;26.6623;0.112039;;
346;4.2022;0.17058;26.7097;0.112238;;
347;4.2022;0.170159;26.757;0.112437;;
348;4.20219;0.169871;26.8041;0.112635;;
349;4.20219;0.169365;26.8512;0.112833;;
350;4.20217;0.169048;26.8981;0.11303;;
351;4.20219;0.168483;26.9449;0.113227;;
352;4.20221;0.168186;26.9917;0.113423;;
353;4.20221;0.167859;27.0383;0.113619;;
354;4.20219;0.167311;27.0848;0.113814;;
355;4.20221;0.166838;27.1311;0.114009;;
356;4.2022;0.166613;27.1774;0.114203;;
357;4.20221;0.166029;27.2235;0.114397;;
358;4.20219;0.165491;27.2695;0.11459;;
359;4.20218;0.165083;27.3153;0.114783;;
360;4.20217;0.164855;27.3611;0.114975;;
361;4.20219;0.164172;27.4067;0.115167;;
362;4.20217;0.163592;27.4522;0.115358;;
363;4.20212;0.163243;27.4975;0.115549;;
364;4.20216;0.162671;27.5427;0.115738;;
365;4.20214;0.162338;27.5878;0.115928;;
366;4.20216;0.162204;27.6329;0.116117;;
367;4.20217;0.16183;27.6778;0.116306;;
368;4.20219;0.161341;27.7226;0.116495;;
369;4.20216;0.161076;27.7674;0.116683;;
370;4.20217;0.160866;27.8121;0.11687;;
371;4.20219;0.160453;27.8566;0.117058;;
372;4.20216;0.160219;27.9011;0.117245;;
373;4.20218;0.159654;27.9455;0.117431;;
374;4.20217;0.159364;27.9897;0.117617;;
375;4.20216;0.15895;28.0339;0.117803;;
376;4.20217;0.158353;28.0779;0.117987;;
377;4.20218;0.15842;28.1219;0.118172;;
378;4.2022;0.157927;28.1658;0.118357;;
379;4.20218;0.157543;28.2095;0.118541;;
380;4.2022;0.157085;28.2532;0.118724;;
381;4.2022;0.156811;28.2967;0.118907;;
382;4.20217;0.15651;28.3402;0.11909;;
383;4.20218;0.15597;28.3835;0.119272;;
384;4.20216;0.155675;28.4268;0.119453;;
385;4.2022;0.155388;28.4699;0.119635;;
386;4.20216;0.1548;28.5129;0.119815;;
387;4.20218;0.154557;28.5559;0.119996;;
388;4.20217;0.154322;28.5987;0.120176;;
389;4.20217;0.153854;28.6415;0.120356;;
390;4.20216;0.153627;28.6841;0.120535;;
391;4.2022;0.153536;28.7268;0.120714;;
392;4.20218;0.15309;28.7693;0.120893;;
393;4.20217;0.152679;28.8117;0.121071;;
394;4.20217;0.152649;28.8541;0.121249;;
395;4.20215;0.152185;28.8964;0.121427;;
396;4.20219;0.151794;28.9386;0.121604;;
397;4.20219;0.15161;28.9807;0.121781;;
398;4.20218;0.151062;29.0226;0.121957;;
399;4.20216;0.150778;29.0645;0.122133;;
400;4.20219;0.150532;29.1063;0.122309;;
401;4.20218;0.150286;29.1481;0.122485;;
402;4.20218;0.149801;29.1897;0.122659;;
403;4.20216;0.149178;29.2311;0.122834;;
404;4.20216;0.148873;29.2725;0.123007;;
405;4.20217;0.148933;29.3139;0.123181;;
406;4.20218;0.148319;29.3551;0.123354;;
407;4.20216;0.148005;29.3962;0.123527;;
408;4.20216;0.147656;29.4372;0.123699;;
409;4.20217;0.147321;29.4781;0.123871;;
410;4.2022;0.147312;29.519;0.124043;;
411;4.20221;0.147058;29.5599;0.124215;;
412;4.20216;0.146705;29.6006;0.124386;;
413;4.20218;0.146316;29.6413;0.124557;;
414;4.20217;0.145934;29.6818;0.124727;;
415;4.20217;0.145484;29.7222;0.124897;;
416;4.20218;0.145209;29.7626;0.125067;;
417;4.20217;0.145158;29.8029;0.125236;;
418;4.20221;0.144844;29.8431;0.125405;;
419;4.20219;0.144329;29.8832;0.125574;;
420;4.20217;0.143985;29.9232;0.125742;;
421;4.20221;0.143786;29.9631;0.12591;;
422;4.20221;0.143515;30.003;0.126077;;
423;4.20217;0.143026;30.0427;0.126244;;
424;4.2022;0.142935;30.0824;0.126411;;
425;4.20221;0.14281;30.1221;0.126578;;
426;4.2022;0.142291;30.1616;0.126744;;
427;4.20221;0.142083;30.2011;0.126909;;
428;4.20222;0.141834;30.2405;0.127075;;
429;4.20222;0.141295;30.2797;0.12724;;
430;4.20222;0.141399;30.319;0.127405;;
431;4.20221;0.140899;30.3582;0.12757;;
432;4.20218;0.140466;30.3972;0.127733;;
433;4.20218;0.14019;30.4361;0.127897;;
434;4.20217;0.139612;30.4749;0.12806;;
435;4.20221;0.139343;30.5136;0.128223;;
436;4.20218;0.138929;30.5522;0.128385;;
437;4.20218;0.138727;30.5907;0.128547;;
438;4.20217;0.138314;30.6292;0.128708;;
439;4.20218;0.138122;30.6675;0.12887;;
440;4.20217;0.137525;30.7057;0.12903;;
441;4.20219;0.13748;30.7439;0.129191;;
442;4.20218;0.137288;30.782;0.129351;;
443;4.20219;0.137054;30.8201;0.129511;;
444;4.20218;0.136628;30.8581;0.12967;;
445;4.20218;0.136281;30.8959;0.129829;;
446;4.2022;0.13603;30.9337;0.129988;;
447;4.20219;0.135572;30.9714;0.130146;;
448;4.20219;0.135339;31.009;0.130304;;
449;4.20219;0.134945;31.0465;0.130462;;
450;4.20217;0.134462;31.0838;0.130619;;
451;4.20215;0.134021;31.121;0.130775;;
452;4.20216;0.133806;31.1582;0.130931;;
453;4.20217;0.133586;31.1953;0.131087;;
454;4.20218;0.13337;31.2324;0.131243;;
455;4.20217;0.133406;31.2694;0.131399;;
456;4.20221;0.133045;31.3064;0.131554;;
457;4.20218;0.132657;31.3432;0.131709;;
458;4.20218;0.132342;31.38;0.131863;;
459;4.20221;0.132254;31.4167;0.132018;;
460;4.20219;0.132054;31.4534;0.132172;;
461;4.20221;0.132122;31.4901;0.132326;;
462;4.20223;0.131447;31.5266;0.13248;;
463;4.20216;0.130939;31.563;0.132632;;
464;4.20215;0.130661;31.5993;0.132785;;
465;4.20219;0.130601;31.6356;0.132937;;
466;4.2022;0.130152;31.6717;0.133089;;
467;4.20219;0.13024;31.7079;0.133241;;
468;4.20219;0.129865;31.744;0.133393;;
469;4.20222;0.129885;31.78;0.133545;;
470;4.20223;0.129427;31.816;0.133696;;
471;4.20222;0.129464;31.852;0.133847;;
472;4.20223;0.129209;31.8878;0.133998;;
473;4.20221;0.128599;31.9236;0.134148;;
474;4.20224;0.128293;31.9592;0.134297;;
475;4.20221;0.128173;31.9948;0.134447;;
476;4.20222;0.127762;32.0303;0.134596;;
477;4.20221;0.127245;32.0656;0.134745;;
478;4.20221;0.126959;32.1009;0.134893;;
479;4.20225;0.127036;32.1362;0.135041;;
480;4.20223;0.126788;32.1714;0.135189;;
481;4.20222;0.126202;32.2065;0.135336;;
482;4.20222;0.125856;32.2414;0.135483;;
483;4.20221;0.125332;32.2762;0.13563;;
484;4.20219;0.125035;32.311;0.135776;;
485;4.20217;0.124679;32.3456;0.135921;;
486;4.20221;0.124705;32.3803;0.136067;;
487;4.20219;0.124347;32.4148;0.136212;;
488;4.20222;0.124233;32.4493;0.136357;;
489;4.20222;0.124221;32.4838;0.136502;;
490;4.20224;0.124469;32.5184;0.136647;;
491;4.20224;0.12438;32.5529;0.136792;;
492;4.20226;0.124013;32.5874;0.136937;;
493;4.20226;0.123644;32.6217;0.137081;;
494;4.20223;0.123172;32.6559;0.137225;;
495;4.20222;0.122676;32.69;0.137368;;
496;4.20223;0.122578;32.7241;0.137512;;
497;4.20223;0.122112;32.758;0.137654;;
498;4.20221;0.121672;32.7918;0.137796;;
499;4.20221;0.121403;32.8255;0.137938;;
500;4.20217;0.120629;32.859;0.138079;;
501;4.20218;0.120301;32.8924;0.138219;;
502;4.20216;0.120054;32.9258;0.138359;;
503;4.2022;0.119844;32.9591;0.138499;;
504;4.20217;0.119483;32.9923;0.138639;;
505;4.20218;0.119281;33.0254;0.138778;;
506;4.20218;0.119002;33.0584;0.138917;;
507;4.2022;0.1189;33.0915;0.139055;;
508;4.20218;0.118954;33.1245;0.139194;;
509;4.2022;0.118536;33.1574;0.139333;;
510;4.20217;0.118089;33.1902;0.139471;;
511;4.20221;0.117763;33.223;0.139608;;
512;4.20217;0.117276;33.2555;0.139745;;
513;4.20214;0.117148;33.2881;0.139882;;
514;4.20216;0.116571;33.3205;0.140018;;
515;4.20216;0.116555;33.3528;0.140154;;
516;4.20218;0.116546;33.3852;0.14029;;
517;4.20219;0.116681;33.4176;0.140426;;
518;4.20219;0.116438;33.45;0.140562;;
519;4.20217;0.115937;33.4822;0.140697;;
520;4.20219;0.115617;33.5143;0.140832;;
521;4.20217;0.11524;33.5463;0.140967;;
522;4.20216;0.114831;33.5782;0.141101;;
523;4.20215;0.114522;33.61;0.141234;;
524;4.20215;0.114531;33.6418;0.141368;;
525;4.20216;0.114356;33.6736;0.141502;;
526;4.20216;0.113998;33.7053;0.141635;;
527;4.20214;0.113619;33.7368;0.141767;;
528;4.20213;0.113475;33.7683;0.1419;;
529;4.20216;0.113161;33.7998;0.142032;;
530;4.20214;0.113046;33.8312;0.142164;;
531;4.20214;0.112718;33.8625;0.142295;;
532;4.20213;0.112639;33.8938;0.142427;;
533;4.20216;0.112493;33.925;0.142558;;
534;4.20216;0.112327;33.9562;0.142689;;
535;4.20218;0.112235;33.9874;0.14282;;
536;4.20217;0.112109;34.0185;0.142951;;
537;4.20218;0.11191;34.0496;0.143082;;
538;4.20218;0.111999;34.0807;0.143212;;
539;4.20222;0.111844;34.1118;0.143343;;
540;4.20218;0.111435;34.1428;0.143473;;
541;4.20223;0.111572;34.1737;0.143603;;
542;4.20221;0.111156;34.2046;0.143733;;
543;4.20219;0.111191;34.2355;0.143863;;
544;4.20223;0.111041;34.2664;0.143992;;
545;4.20221;0.110526;34.2971;0.144122;;
546;4.2022;0.109935;34.3276;0.14425;;
547;4.20215;0.10949;34.358;0.144378;;
548;4.20217;0.10918;34.3883;0.144505;;
549;4.20213;0.108664;34.4185;0.144632;;
550;4.20214;0.108223;34.4486;0.144758;;
551;4.20214;0.108391;34.4787;0.144885;;
552;4.20216;0.10824;34.5088;0.145011;;
553;4.2022;0.108066;34.5388;0.145137;;
554;4.20219;0.10789;34.5687;0.145263;;
555;4.20217;0.107567;34.5986;0.145389;;
556;4.20218;0.107426;34.6285;0.145514;;
557;4.20217;0.107022;34.6582;0.145639;;
558;4.20219;0.106854;34.6879;0.145764;;
559;4.20216;0.106562;34.7175;0.145888;;
560;4.20216;0.106418;34.747;0.146012;;
561;4.20218;0.106428;34.7766;0.146137;;
562;4.2022;0.106187;34.8061;0.146261;;
563;4.20221;0.10618;34.8356;0.146385;;
564;4.20219;0.105916;34.865;0.146508;;
565;4.20219;0.105674;34.8944;0.146631;;
566;4.2022;0.105461;34.9237;0.146755;;
567;4.20221;0.105166;34.9529;0.146877;;
568;4.20219;0.105105;34.9821;0.147;;
569;4.20221;0.104879;35.0112;0.147122;;
570;4.20219;0.104799;35.0403;0.147245;;
571;4.2022;0.10459;35.0694;0.147367;;
572;4.20218;0.104224;35.0983;0.147489;;
573;4.20218;0.103917;35.1272;0.14761;;
574;4.20217;0.103791;35.156;0.147731;;
575;4.20221;0.103874;35.1849;0.147852;;
576;4.20221;0.103882;35.2137;0.147974;;
577;4.20223;0.103868;35.2426;0.148095;;
578;4.20228;0.10399;35.2715;0.148216;;
579;4.20224;0.103793;35.3003;0.148337;;
580;4.20225;0.103299;35.329;0.148458;;
581;4.20225;0.102946;35.3576;0.148578;;
582;4.20224;0.102721;35.3861;0.148698;;
583;4.20223;0.102268;35.4145;0.148817;;
584;4.20222;0.101675;35.4428;0.148936;;
585;4.20219;0.101673;35.471;0.149055;;
586;4.20218;0.101437;35.4992;0.149173;;
587;4.20219;0.100992;35.5272;0.149291;;
588;4.2022;0.10095;35.5553;0.149409;;
589;4.20221;0.101156;35.5834;0.149527;;
590;4.20222;0.100983;35.6114;0.149645;;
591;4.20223;0.100928;35.6395;0.149763;;
592;4.20224;0.100859;35.6675;0.14988;;
593;4.20225;0.100449;35.6954;0.149998;;
594;4.20226;0.100297;35.7232;0.150115;;
595;4.20224;0.100033;35.751;0.150231;;
596;4.2022;0.0995264;35.7787;0.150348;;
597;4.20219;0.0991261;35.8062;0.150463;;
598;4.20217;0.0986591;35.8336;0.150578;;
599;4.20217;0.0985878;35.861;0.150694;;
600;4.2022;0.0986312;35.8884;0.150809;;
601;4.20221;0.0984968;35.9158;0.150924;;
602;4.20219;0.097907;35.943;0.151038;;
603;4.20218;0.0975739;35.9701;0.151152;;
604;4.20216;0.097718;35.9972;0.151266;;
605;4.20219;0.0977024;36.0243;0.15138;;
606;4.20216;0.0971349;36.0513;0.151493;;
607;4.20214;0.0967778;36.0782;0.151606;;
608;4.20218;0.096791;36.1051;0.151719;;
609;4.20217;0.0964971;36.1319;0.151832;;
610;4.20219;0.0964023;36.1587;0.151944;;
611;4.20217;0.0962233;36.1854;0.152057;;
612;4.20219;0.0962232;36.2121;0.152169;;
613;4.20218;0.0962584;36.2389;0.152281;;
614;4.20221;0.0965132;36.2657;0.152394;;
615;4.20224;0.0963763;36.2925;0.152507;;
616;4.20225;0.0963005;36.3192;0.152619;;
617;4.20222;0.0959048;36.3458;0.152731;;
618;4.20222;0.0951614;36.3723;0.152842;;
619;4.20219;0.0948984;36.3986;0.152953;;
620;4.20222;0.0949347;36.425;0.153064;;
621;4.2022;0.0943149;36.4512;0.153174;;
622;4.20219;0.0938439;36.4773;0.153283;;
623;4.20217;0.0938083;36.5033;0.153393;;
624;4.2022;0.0938303;36.5294;0.153502;;
625;4.2022;0.0937898;36.5555;0.153612;;
626;4.20222;0.0935256;36.5814;0.153721;;
627;4.2022;0.0933579;36.6074;0.15383;;
628;4.20223;0.0931597;36.6332;0.153939;;
629;4.20218;0.0927511;36.659;0.154047;;
630;4.2022;0.0925888;36.6847;0.154155;;
631;4.20221;0.0925435;36.7104;0.154263;;
632;4.20222;0.0920576;36.736;0.15437;;
633;4.20216;0.0917125;36.7615;0.154477;;
634;4.20218;0.091589;36.7869;0.154584;;
635;4.20221;0.0914991;36.8123;0.154691;;
636;4.2022;0.0911213;36.8377;0.154798;;
637;4.20217;0.0908865;36.8629;0.154904;;
638;4.20216;0.0906677;36.8881;0.155009;;
639;4.20216;0.0908178;36.9133;0.155116;;
640;4.20221;0.0906077;36.9385;0.155221;;
641;4.20219;0.090503;36.9636;0.155327;;
642;4.20219;0.0903707;36.9887;0.155432;;
643;4.20218;0.0900384;37.0137;0.155538;;
644;4.20218;0.0898419;37.0387;0.155642;;
645;4.20221;0.0897474;37.0636;0.155747;;
646;4.20219;0.0893049;37.0884;0.155851;;
647;4.20218;0.0892901;37.1132;0.155956;;
648;4.20219;0.0889791;37.1379;0.156059;;
649;4.2022;0.0886288;37.1626;0.156163;;
650;4.20216;0.088344;37.1871;0.156266;;
651;4.20218;0.0885016;37.2117;0.156369;;
652;4.20218;0.0884798;37.2363;0.156473;;
653;4.20215;0.088553;37.2609;0.156576;;
654;4.20221;0.0885381;37.2855;0.156679;;
655;4.20221;0.088311;37.31;0.156782;;
656;4.20221;0.087829;37.3344;0.156885;;
657;4.20219;0.0877306;37.3588;0.156987;;
658;4.2022;0.0877851;37.3831;0.15709;;
659;4.20222;0.0877297;37.4075;0.157192;;
660;4.20222;0.0874473;37.4318;0.157294;;
661;4.20219;0.0871028;37.456;0.157396;;
662;4.20219;0.0868354;37.4801;0.157497;;
663;4.20217;0.0864457;37.5041;0.157598;;
664;4.20218;0.0864027;37.5281;0.157699;;
665;4.20217;0.086278;37.5521;0.1578;;
666;4.20218;0.0861236;37.576;0.1579;;
667;4.20215;0.086036;37.5999;0.158001;;
668;4.20219;0.0859522;37.6238;0.158101;;
669;4.20221;0.0857375;37.6476;0.158201;;
670;4.2022;0.0856123;37.6714;0.158301;;
671;4.20218;0.0853885;37.6951;0.158401;;
672;4.20216;0.085302;37.7188;0.1585;;
673;4.20222;0.0850797;37.7424;0.1586;;
674;4.20221;0.0850859;37.7661;0.158699;;
675;4.20221;0.0850276;37.7897;0.158798;;
676;4.20222;0.0852844;37.8134;0.158898;;
677;4.20224;0.0850313;37.837;0.158997;;
678;4.20223;0.08467;37.8605;0.159096;;
679;4.20221;0.0846222;37.884;0.159195;;
680;4.20222;0.0842678;37.9074;0.159293;;
681;4.20222;0.0840301;37.9308;0.159391;;
682;4.20222;0.0840464;37.9541;0.159489;;
683;4.20223;0.0836096;37.9773;0.159587;;
684;4.20219;0.0834099;38.0005;0.159684;;
685;4.20222;0.0831558;38.0236;0.159781;;
686;4.20217;0.0830691;38.0467;0.159878;;
687;4.20221;0.0828374;38.0697;0.159975;;
688;4.2022;0.0829212;38.0927;0.160072;;
689;4.20219;0.0824753;38.1156;0.160168;;
690;4.20219;0.0822519;38.1385;0.160264;;
691;4.2022;0.0819146;38.1612;0.16036;;
692;4.20219;0.081941;38.184;0.160455;;
693;4.20219;0.0816877;38.2067;0.160551;;
694;4.20219;0.0813854;38.2293;0.160646;;
695;4.20222;0.0814954;38.2519;0.160741;;
696;4.20221;0.0813902;38.2746;0.160836;;
697;4.2022;0.0812009;38.2971;0.16093;;
698;4.20217;0.0809487;38.3196;0.161025;;
699;4.20222;0.0805479;38.342;0.161119;;
700;4.20221;0.0803749;38.3643;0.161213;;
701;4.20219;0.08042;38.3866;0.161307;;
702;4.20219;0.0802348;38.4089;0.1614;;
703;4.20219;0.0799148;38.4311;0.161494;;
704;4.20219;0.0797481;38.4533;0.161587;;
705;4.20215;0.0792322;38.4753;0.161679;;
706;4.20216;0.0795133;38.4974;0.161772;;
707;4.20218;0.0794399;38.5194;0.161865;;
708;4.20219;0.0793402;38.5415;0.161957;;
709;4.20222;0.0791393;38.5635;0.16205;;
710;4.20218;0.0789616;38.5854;0.162142;;
711;4.20218;0.078722;38.6073;0.162234;;
712;4.20216;0.078654;38.6291;0.162326;;
713;4.20218;0.0785115;38.6509;0.162417;;
714;4.20216;0.0782975;38.6727;0.162509;;
715;4.20218;0.0780391;38.6943;0.1626;;
716;4.20219;0.0779857;38.716;0.162691;;
717;4.20215;0.0780591;38.7377;0.162782;;
718;4.20221;0.0778259;38.7593;0.162873;;
719;4.20218;0.0776237;38.7809;0.162963;;
720;4.20218;0.0775195;38.8024;0.163054;;
721;4.20221;0.0774344;38.8239;0.163144;;
722;4.20219;0.0772533;38.8454;0.163234;;
723;4.20219;0.0770623;38.8668;0.163324;;
724;4.20219;0.0767857;38.8881;0.163414;;
725;4.20218;0.0768235;38.9094;0.163504;;
726;4.2022;0.0769142;38.9308;0.163593;;
727;4.20219;0.0768827;38.9522;0.163683;;
728;4.20221;0.076753;38.9735;0.163773;;
729;4.20219;0.0766247;38.9948;0.163862;;
730;4.20223;0.0764887;39.016;0.163951;;
731;4.20222;0.0760782;39.0371;0.16404;;
732;4.20219;0.075893;39.0582;0.164129;;
733;4.2022;0.0757874;39.0793;0.164217;;
734;4.20219;0.0755292;39.1003;0.164306;;
735;4.20222;0.0754628;39.1212;0.164394;;
736;4.20218;0.0750907;39.1421;0.164481;;
737;4.2022;0.0749577;39.1629;0.164569;;
738;4.20221;0.0750184;39.1837;0.164656;;
739;4.20223;0.0748075;39.2045;0.164744;;
740;4.20218;0.0745824;39.2252;0.164831;;
741;4.20218;0.0743048;39.2459;0.164917;;
742;4.20218;0.0741956;39.2665;0.165004;;
743;4.20215;0.0739258;39.287;0.16509;;
744;4.20217;0.0739538;39.3076;0.165177;;
745;4.20218;0.0736633;39.328;0.165263;;
746;4.20218;0.0736898;39.3485;0.165349;;
747;4.20217;0.0733674;39.3689;0.165434;;
748;4.2022;0.0732178;39.3892;0.16552;;
749;4.2022;0.073088;39.4095;0.165605;;
750;4.20216;0.0732138;39.4299;0.165691;;
751;4.20222;0.0732518;39.4502;0.165776;;
752;4.2022;0.0728745;39.4704;0.165861;;
753;4.2022;0.0727519;39.4907;0.165946;;
754;4.20218;0.0727906;39.5109;0.166031;;
755;4.20222;0.0726474;39.5311;0.166116;;
756;4.2022;0.0723956;39.5512;0.1662;;
757;4.2022;0.0722491;39.5712;0.166285;;
758;4.2022;0.0721271;39.5913;0.166369;;
759;4.20221;0.0719441;39.6113;0.166453;;
760;4.20218;0.07191;39.6312;0.166537;;
761;4.20221;0.0716187;39.6511;0.16662;;
762;4.2022;0.0717846;39.6711;0.166704;;
763;4.20222;0.0715616;39.6909;0.166788;;
764;4.20219;0.0711841;39.7107;0.166871;;
765;4.20219;0.0711096;39.7305;0.166954;;
766;4.20219;0.0710501;39.7502;0.167037;;
767;4.20221;0.0711045;39.77;0.16712;;
768;4.20225;0.0710057;39.7897;0.167203;;
769;4.20218;0.0707595;39.8093;0.167285;;
770;4.20214;0.0705291;39.8289;0.167367;;
771;4.2022;0.0702977;39.8485;0.16745;;
772;4.2022;0.0703344;39.868;0.167532;;
773;4.20218;0.0701714;39.8875;0.167614;;
774;4.20222;0.0700275;39.9069;0.167695;;
775;4.20219;0.0697308;39.9263;0.167777;;
776;4.2022;0.0694894;39.9456;0.167858;;
777;4.20218;0.0695044;39.9649;0.167939;;
778;4.20217;0.0692977;39.9842;0.16802;;
779;4.20218;0.0692969;40.0034;0.168101;;
780;4.20221;0.0692437;40.0226;0.168182;;
781;4.20217;0.0690707;40.0418;0.168262;;
782;4.20219;0.0689099;40.061;0.168343;;
783;4.2022;0.0684394;40.08;0.168422;;
784;4.20216;0.0682083;40.0989;0.168502;;
785;4.20217;0.0684294;40.1179;0.168582;;
786;4.20218;0.0687264;40.137;0.168662;;
787;4.20217;0.0683952;40.156;0.168742;;
788;4.20218;0.0680644;40.1749;0.168821;;
789;4.20215;0.0677423;40.1938;0.168901;;
790;4.20219;0.0677876;40.2126;0.16898;;
791;4.20221;0.0678803;40.2314;0.169059;;
792;4.20219;0.0673278;40.2501;0.169138;;
793;4.20216;0.0674378;40.2689;0.169216;;
794;4.2022;0.0670439;40.2875;0.169294;;
795;4.20218;0.0670715;40.3061;0.169373;;
796;4.20216;0.0670947;40.3248;0.169451;;
797;4.20218;0.0668059;40.3433;0.169529;;
798;4.20218;0.0666909;40.3618;0.169607;;
799;4.20215;0.0665203;40.3803;0.169685;;
800;4.20216;0.0662046;40.3987;0.169762;;
801;4.20217;0.0660448;40.4171;0.169839;;
802;4.20217;0.0658816;40.4354;0.169916;;
803;4.20214;0.0659027;40.4537;0.169993;;
804;4.20218;0.0658216;40.472;0.17007;;
805;4.20219;0.0657622;40.4902;0.170146;;
806;4.20218;0.0654496;40.5084;0.170223;;
807;4.20217;0.0650172;40.5265;0.170299;;
808;4.20217;0.065042;40.5445;0.170375;;
809;4.20216;0.0650494;40.5626;0.170451;;
810;4.20218;0.0650723;40.5807;0.170526;;
811;4.20217;0.0647559;40.5987;0.170602;
