0;3.16769;0.00731049;0;0;;
2;3.17028;0.00732791;0.00407106;1.29064e-05;;
3;3.23817;1.45067;0.407035;0.00131777;;
4;3.28164;1.45044;0.809935;0.00263994;;
5;3.29546;1.4504;1.21282;0.00396765;;
6;3.30366;1.45039;1.61571;0.00529865;;
7;3.30971;1.45037;2.01859;0.00663207;;
8;3.31447;1.45036;2.42147;0.00796739;;
9;3.31866;1.45037;2.82435;0.00930442;;
10;3.32241;1.45035;3.22722;0.0106429;;
11;3.32578;1.45035;3.6301;0.0119828;;
12;3.3289;1.45033;4.03297;0.0133239;;
13;3.33175;1.45034;4.43584;0.0146662;;
14;3.33436;1.45034;4.83871;0.0160095;;
15;3.33682;1.45034;5.24158;0.0173538;;
16;3.33914;1.45032;5.64445;0.018699;;
17;3.34129;1.45033;6.04732;0.0200452;;
18;3.34338;1.45032;6.45019;0.0213921;;
19;3.34536;1.45033;6.85306;0.0227398;;
20;3.34722;1.45032;7.25592;0.0240883;;
21;3.34894;1.45033;7.65879;0.0254375;;
22;3.35057;1.45033;8.06166;0.0267873;;
23;3.35216;1.45033;8.46453;0.0281378;;
24;3.35372;1.45033;8.8674;0.0294889;;
25;3.35526;1.45033;9.27027;0.0308407;;
26;3.35668;1.45033;9.67314;0.032193;;
27;3.35806;1.45033;10.076;0.0335458;;
28;3.35943;1.45033;10.4789;0.0348992;;
29;3.3607;1.45033;10.8817;0.0362532;;
30;3.36194;1.45032;11.2846;0.0376076;;
31;3.36315;1.45032;11.6875;0.0389625;;
32;3.36428;1.45032;12.0903;0.0403178;;
33;3.36536;1.45032;12.4932;0.0416736;;
34;3.36648;1.45033;12.8961;0.0430299;;
35;3.36752;1.45032;13.299;0.0443865;;
36;3.36852;1.45032;13.7018;0.0457436;;
37;3.3695;1.45032;14.1047;0.0471011;;
38;3.37045;1.45033;14.5076;0.0484589;;
39;3.37136;1.45032;14.9104;0.0498171;;
40;3.37223;1.45032;15.3133;0.0511757;;
41;3.37307;1.45032;15.7162;0.0525346;;
42;3.37393;1.45032;16.119;0.0538938;;
43;3.37467;1.45032;16.5219;0.0552534;;
44;3.37548;1.45031;16.9248;0.0566132;;
45;3.37622;1.45032;17.3276;0.0579734;;
46;3.37696;1.45032;17.7305;0.0593339;;
47;3.37766;1.45031;18.1333;0.0606946;;
48;3.37836;1.45031;18.5362;0.0620556;;
49;3.37904;1.45031;18.9391;0.0634169;;
50;3.3797;1.45032;19.3419;0.0647785;;
51;3.38029;1.45031;19.7448;0.0661403;;
52;3.38092;1.45031;20.1477;0.0675023;;
53;3.38151;1.45031;20.5505;0.0688646;;
54;3.38211;1.45031;20.9534;0.0702271;;
55;3.38269;1.45032;21.3563;0.0715899;;
56;3.38328;1.45032;21.7591;0.0729529;;
57;3.38382;1.45032;22.162;0.0743162;;
58;3.38433;1.45031;22.5649;0.0756796;;
59;3.38483;1.4503;22.9677;0.0770432;;
60;3.38535;1.45032;23.3706;0.078407;;
61;3.38585;1.45032;23.7735;0.0797711;;
62;3.38635;1.45031;24.1763;0.0811353;;
63;3.38685;1.45032;24.5792;0.0824998;;
64;3.38729;1.45032;24.9821;0.0838644;;
65;3.38778;1.45033;25.3849;0.0852292;;
66;3.3882;1.45032;25.7878;0.0865942;;
67;3.38864;1.45032;26.1907;0.0879594;;
68;3.38904;1.45032;26.5935;0.0893247;;
69;3.38948;1.45032;26.9964;0.0906902;;
70;3.38987;1.45034;27.3993;0.0920559;;
71;3.3903;1.45033;27.8021;0.0934218;;
72;3.39067;1.45032;28.205;0.0947878;;
73;3.39107;1.45033;28.6079;0.0961539;;
74;3.39146;1.45033;29.0107;0.0975202;;
75;3.39184;1.45032;29.4136;0.0988867;;
76;3.3922;1.45032;29.8165;0.100253;;
77;3.39259;1.45032;30.2193;0.10162;;
78;3.3929;1.45032;30.6222;0.102987;;
79;3.39327;1.45033;31.0251;0.104354;;
80;3.39362;1.45033;31.4279;0.105721;;
81;3.39396;1.45032;31.8308;0.107088;;
82;3.39429;1.45031;32.2337;0.108456;;
83;3.39461;1.45032;32.6365;0.109823;;
84;3.39495;1.45032;33.0394;0.111191;;
85;3.39525;1.45032;33.4423;0.112559;;
86;3.39555;1.45033;33.8451;0.113927;;
87;3.39586;1.45032;34.248;0.115295;;
88;3.39618;1.45033;34.6509;0.116663;;
89;3.39647;1.45033;35.0537;0.118032;;
90;3.39676;1.45032;35.4566;0.1194;;
91;3.39704;1.45032;35.8595;0.120769;;
92;3.39735;1.45033;36.2624;0.122137;;
93;3.3976;1.45032;36.6652;0.123506;;
94;3.39787;1.4503;37.0681;0.124875;;
95;3.39817;1.45032;37.4709;0.126244;;
96;3.39842;1.45032;37.8738;0.127613;;
97;3.39869;1.45031;38.2767;0.128982;;
98;3.39898;1.45031;38.6795;0.130352;;
99;3.39928;1.45031;39.0824;0.131721;;
100;3.39957;1.45032;39.4853;0.133091;;
101;3.3998;1.4503;39.8881;0.13446;;
102;3.40008;1.4503;40.291;0.13583;;
103;3.40034;1.45031;40.6939;0.1372;;
104;3.40062;1.45032;41.0967;0.13857;;
105;3.40085;1.45032;41.4996;0.13994;;
106;3.40111;1.45031;41.9025;0.14131;;
107;3.40137;1.45032;42.3053;0.14268;;
108;3.40163;1.45033;42.7082;0.144051;;
109;3.40188;1.45032;43.1111;0.145421;;
110;3.40212;1.45032;43.5139;0.146792;;
111;3.40236;1.45032;43.9168;0.148163;;
112;3.40261;1.45033;44.3197;0.149534;;
113;3.40282;1.45032;44.7225;0.150904;;
114;3.40307;1.45032;45.1254;0.152275;;
115;3.40328;1.45032;45.5283;0.153646;;
116;3.40353;1.45032;45.9311;0.155018;;
117;3.40378;1.45032;46.334;0.156389;;
118;3.404;1.45032;46.7369;0.15776;;
119;3.40425;1.45033;47.1397;0.159132;;
120;3.40447;1.45033;47.5426;0.160503;;
121;3.4047;1.45033;47.9455;0.161875;;
122;3.40492;1.45031;48.3483;0.163247;;
123;3.40514;1.45031;48.7512;0.164618;;
124;3.40539;1.45031;49.1541;0.16599;;
125;3.40561;1.45031;49.5569;0.167362;;
126;3.40583;1.45032;49.9598;0.168734;;
127;3.40608;1.45032;50.3627;0.170107;;
128;3.4063;1.45033;50.7655;0.171479;;
129;3.40654;1.45032;51.1684;0.172851;;
130;3.40674;1.45033;51.5713;0.174224;;
131;3.40698;1.45033;51.9741;0.175596;;
132;3.40716;1.45032;52.377;0.176969;;
133;3.40738;1.45032;52.7799;0.178342;;
134;3.40762;1.45032;53.1827;0.179715;;
135;3.4078;1.45033;53.5856;0.181087;;
136;3.40802;1.45033;53.9885;0.18246;;
137;3.40825;1.45032;54.3913;0.183833;;
138;3.40845;1.45033;54.7942;0.185207;;
139;3.40868;1.45032;55.1971;0.18658;;
140;3.40888;1.4503;55.5999;0.187953;;
141;3.40906;1.45033;56.0028;0.189327;;
142;3.40926;1.45031;56.4057;0.1907;;
143;3.40951;1.45033;56.8085;0.192074;;
144;3.40971;1.45033;57.2114;0.193447;;
145;3.40993;1.45033;57.6143;0.194821;;
146;3.41015;1.45033;58.0171;0.196195;;
147;3.41035;1.45033;58.42;0.197569;;
148;3.41055;1.45032;58.8229;0.198943;;
149;3.41073;1.45032;59.2257;0.200317;;
150;3.41093;1.45033;59.6286;0.201691;;
151;3.41118;1.45032;60.0315;0.203065;;
152;3.41135;1.45032;60.4344;0.20444;;
153;3.41157;1.45033;60.8372;0.205814;;
154;3.41178;1.45031;61.2401;0.207189;;
155;3.41201;1.45032;61.643;0.208563;;
156;3.41219;1.45032;62.0458;0.209938;;
157;3.41238;1.45033;62.4487;0.211313;;
158;3.4126;1.45032;62.8516;0.212687;;
159;3.41277;1.45033;63.2544;0.214062;;
160;3.41296;1.4503;63.6573;0.215437;;
161;3.41315;1.45032;64.0602;0.216812;;
162;3.41332;1.45032;64.463;0.218187;;
163;3.41357;1.45032;64.8659;0.219563;;
164;3.41372;1.45032;65.2688;0.220938;;
165;3.41392;1.45032;65.6716;0.222313;;
166;3.41415;1.45033;66.0745;0.223689;;
167;3.41432;1.45033;66.4774;0.225064;;
168;3.41452;1.45032;66.8802;0.22644;;
169;3.41473;1.45032;67.2831;0.227815;;
170;3.41493;1.45033;67.686;0.229191;;
171;3.41514;1.45033;68.0888;0.230567;;
172;3.41531;1.45032;68.4917;0.231943;;
173;3.41553;1.45033;68.8946;0.233319;;
174;3.41574;1.45032;69.2974;0.234695;;
175;3.41591;1.45033;69.7003;0.236071;;
176;3.4161;1.45034;70.1032;0.237448;;
177;3.41628;1.45033;70.506;0.238824;;
178;3.41651;1.45034;70.9089;0.2402;;
179;3.41669;1.45032;71.3118;0.241577;;
180;3.41688;1.45033;71.7147;0.242953;;
181;3.41709;1.45033;72.1175;0.24433;;
182;3.41726;1.45033;72.5204;0.245707;;
183;3.41747;1.45032;72.9233;0.247083;;
184;3.41767;1.45033;73.3261;0.24846;;
185;3.41784;1.45033;73.729;0.249837;;
186;3.41802;1.45033;74.1319;0.251214;;
187;3.41821;1.45033;74.5347;0.252591;;
188;3.41838;1.45033;74.9376;0.253969;;
189;3.41857;1.45034;75.3405;0.255346;;
190;3.41877;1.45033;75.7433;0.256723;;
191;3.41893;1.45032;76.1462;0.2581;;
192;3.41911;1.45033;76.5491;0.259478;;
193;3.41926;1.45033;76.952;0.260855;;
194;3.41947;1.45034;77.3548;0.262233;;
195;3.41963;1.45032;77.7577;0.263611;;
196;3.4198;1.45032;78.1606;0.264988;;
197;3.42001;1.45032;78.5634;0.266366;;
198;3.42021;1.45032;78.9663;0.267744;;
199;3.42037;1.45033;79.3692;0.269122;;
200;3.42058;1.45033;79.772;0.2705;;
201;3.42075;1.45032;80.1749;0.271878;;
202;3.42095;1.45033;80.5778;0.273256;;
203;3.42115;1.45033;80.9806;0.274635;;
204;3.42133;1.45032;81.3835;0.276013;;
205;3.42151;1.45033;81.7864;0.277391;;
206;3.42169;1.45031;82.1892;0.27877;;
207;3.42188;1.45032;82.5921;0.280148;;
208;3.4221;1.45032;82.995;0.281527;;
209;3.4223;1.45032;83.3978;0.282906;;
210;3.42249;1.45032;83.8007;0.284285;;
211;3.42268;1.45031;84.2036;0.285664;;
212;3.42285;1.45032;84.6064;0.287043;;
213;3.42304;1.45033;85.0093;0.288422;;
214;3.42323;1.45032;85.4122;0.289801;;
215;3.42343;1.45032;85.815;0.29118;;
216;3.42359;1.45031;86.2179;0.292559;;
217;3.42378;1.45032;86.6208;0.293938;;
218;3.42398;1.45033;87.0236;0.295318;;
219;3.42418;1.45033;87.4265;0.296697;;
220;3.42437;1.45032;87.8294;0.298077;;
221;3.42455;1.45033;88.2322;0.299457;;
222;3.42471;1.45034;88.6351;0.300836;;
223;3.42492;1.45033;89.038;0.302216;;
224;3.4251;1.45034;89.4409;0.303596;;
225;3.4253;1.45033;89.8437;0.304976;;
226;3.4255;1.45032;90.2466;0.306356;;
227;3.42571;1.45032;90.6495;0.307736;;
228;3.42588;1.45032;91.0523;0.309116;;
229;3.42605;1.45032;91.4552;0.310496;;
230;3.42622;1.45032;91.8581;0.311877;;
231;3.42641;1.45034;92.2609;0.313257;;
232;3.42665;1.45032;92.6638;0.314638;;
233;3.42684;1.45032;93.0667;0.316018;;
234;3.42703;1.45034;93.4695;0.317399;;
235;3.42723;1.45034;93.8724;0.31878;;
236;3.42743;1.45034;94.2753;0.32016;;
237;3.42763;1.45034;94.6782;0.321541;;
238;3.4278;1.45033;95.081;0.322922;;
239;3.42796;1.45033;95.4839;0.324303;;
240;3.42817;1.45033;95.8868;0.325684;;
241;3.42836;1.45033;96.2896;0.327066;;
242;3.42853;1.45033;96.6925;0.328447;;
243;3.42872;1.45032;97.0954;0.329828;;
244;3.42893;1.45032;97.4982;0.331209;;
245;3.42911;1.45033;97.9011;0.332591;;
246;3.42928;1.45032;98.304;0.333973;;
247;3.42947;1.45034;98.7068;0.335354;;
248;3.42962;1.45032;99.1097;0.336736;;
249;3.42984;1.45032;99.5126;0.338118;;
250;3.43002;1.45033;99.9154;0.339499;;
251;3.43018;1.45033;100.318;0.340881;;
252;3.43039;1.45034;100.721;0.342263;;
253;3.43053;1.45033;101.124;0.343645;;
254;3.43075;1.45032;101.527;0.345028;;
255;3.43093;1.45033;101.93;0.34641;;
256;3.43112;1.45033;102.333;0.347792;;
257;3.43133;1.45032;102.736;0.349174;;
258;3.4315;1.45033;103.138;0.350557;;
259;3.43167;1.45033;103.541;0.351939;;
260;3.43188;1.45033;103.944;0.353322;;
261;3.43205;1.45034;104.347;0.354705;;
262;3.43224;1.45033;104.75;0.356087;;
263;3.43244;1.45033;105.153;0.35747;;
264;3.43261;1.45032;105.556;0.358853;;
265;3.43278;1.45033;105.958;0.360236;;
266;3.43299;1.45033;106.361;0.361619;;
267;3.43316;1.45033;106.764;0.363002;;
268;3.43335;1.45032;107.167;0.364385;;
269;3.43355;1.45033;107.57;0.365769;;
270;3.43373;1.45032;107.973;0.367152;;
271;3.43391;1.45032;108.376;0.368535;;
272;3.4341;1.45031;108.779;0.369919;;
273;3.43427;1.45032;109.181;0.371302;;
274;3.43444;1.45032;109.584;0.372686;;
275;3.43463;1.45032;109.987;0.37407;;
276;3.43485;1.45031;110.39;0.375454;;
277;3.43503;1.45032;110.793;0.376837;;
278;3.43519;1.45032;111.196;0.378221;;
279;3.43536;1.45032;111.599;0.379605;;
280;3.43556;1.45032;112.001;0.380989;;
281;3.43575;1.45032;112.404;0.382374;;
282;3.43591;1.45032;112.807;0.383758;;
283;3.43611;1.45032;113.21;0.385142;;
284;3.4363;1.45032;113.613;0.386526;;
285;3.4365;1.45032;114.016;0.387911;;
286;3.43667;1.45033;114.419;0.389295;;
287;3.43685;1.45032;114.822;0.39068;;
288;3.43705;1.45033;115.224;0.392065;;
289;3.43726;1.45031;115.627;0.393449;;
290;3.43746;1.45032;116.03;0.394834;;
291;3.43765;1.45032;116.433;0.396219;;
292;3.43781;1.45032;116.836;0.397604;;
293;3.43797;1.45033;117.239;0.398989;;
294;3.4382;1.45032;117.642;0.400374;;
295;3.43836;1.45032;118.044;0.40176;;
296;3.43852;1.45033;118.447;0.403145;;
297;3.43872;1.45032;118.85;0.40453;;
298;3.43891;1.45033;119.253;0.405916;;
299;3.43908;1.45033;119.656;0.407301;;
300;3.43922;1.45033;120.059;0.408687;;
301;3.43943;1.45034;120.462;0.410072;;
302;3.43961;1.45034;120.865;0.411458;;
303;3.4398;1.45033;121.267;0.412844;;
304;3.43997;1.45033;121.67;0.41423;;
305;3.44011;1.45033;122.073;0.415616;;
306;3.44035;1.45033;122.476;0.417002;;
307;3.44052;1.45032;122.879;0.418388;;
308;3.44069;1.45032;123.282;0.419774;;
309;3.44088;1.45032;123.685;0.42116;;
310;3.44105;1.45032;124.088;0.422546;;
311;3.44123;1.45031;124.49;0.423933;;
312;3.44141;1.45032;124.893;0.425319;;
313;3.44159;1.45031;125.296;0.426706;;
314;3.44177;1.45031;125.699;0.428092;;
315;3.44195;1.45031;126.102;0.429479;;
316;3.44213;1.45031;126.505;0.430866;;
317;3.44232;1.45031;126.908;0.432252;;
318;3.44254;1.45031;127.31;0.433639;;
319;3.44271;1.45033;127.713;0.435026;;
320;3.44288;1.45032;128.116;0.436413;;
321;3.44308;1.45032;128.519;0.4378;;
322;3.44327;1.45032;128.922;0.439187;;
323;3.44344;1.45031;129.325;0.440575;;
324;3.44362;1.45032;129.728;0.441962;;
325;3.44379;1.45031;130.131;0.443349;;
326;3.44399;1.45032;130.533;0.444737;;
327;3.44412;1.45032;130.936;0.446124;;
328;3.44432;1.45032;131.339;0.447512;;
329;3.44448;1.45031;131.742;0.4489;;
330;3.44467;1.45032;132.145;0.450287;;
331;3.44484;1.45032;132.548;0.451675;;
332;3.44502;1.45033;132.951;0.453063;;
333;3.44523;1.45031;133.353;0.454451;;
334;3.44539;1.45032;133.756;0.455839;;
335;3.44556;1.45032;134.159;0.457227;;
336;3.44575;1.45032;134.562;0.458615;;
337;3.44594;1.45032;134.965;0.460004;;
338;3.44611;1.45032;135.368;0.461392;;
339;3.44628;1.45032;135.771;0.46278;;
340;3.44646;1.45032;136.173;0.464169;;
341;3.44664;1.45032;136.576;0.465557;;
342;3.44679;1.45031;136.979;0.466946;;
343;3.447;1.45031;137.382;0.468335;;
344;3.44717;1.45033;137.785;0.469723;;
345;3.44732;1.45033;138.188;0.471112;;
346;3.44754;1.45033;138.591;0.472501;;
347;3.4477;1.45033;138.994;0.47389;;
348;3.44789;1.45033;139.396;0.475279;;
349;3.44805;1.45033;139.799;0.476668;;
350;3.44825;1.45032;140.202;0.478057;;
351;3.44844;1.45033;140.605;0.479447;;
352;3.44861;1.45031;141.008;0.480836;;
353;3.4488;1.45033;141.411;0.482225;;
354;3.449;1.45032;141.814;0.483615;;
355;3.44916;1.45032;142.217;0.485004;;
356;3.44934;1.45032;142.619;0.486394;;
357;3.44953;1.45032;143.022;0.487784;;
358;3.44968;1.45032;143.425;0.489174;;
359;3.44987;1.45032;143.828;0.490563;;
360;3.45005;1.45032;144.231;0.491953;;
361;3.45024;1.45031;144.634;0.493343;;
362;3.4504;1.45031;145.037;0.494733;;
363;3.45058;1.45033;145.439;0.496123;;
364;3.45075;1.45032;145.842;0.497514;;
365;3.45093;1.45032;146.245;0.498904;;
366;3.45109;1.45033;146.648;0.500294;;
367;3.45131;1.45034;147.051;0.501685;;
368;3.45147;1.44844;147.453;0.503073;;
369;3.45151;1.44337;147.854;0.504457;;
370;3.45149;1.43895;148.254;0.505837;;
371;3.45151;1.43424;148.652;0.507212;;
372;3.45151;1.42965;149.049;0.508583;;
373;3.45152;1.42569;149.445;0.509949;;
374;3.45152;1.42128;149.84;0.511312;;
375;3.45156;1.41747;150.234;0.512671;;
376;3.45151;1.41247;150.626;0.514025;;
377;3.45153;1.40866;151.018;0.515376;;
378;3.4515;1.4044;151.408;0.516722;;
379;3.45154;1.40108;151.797;0.518066;;
380;3.45154;1.39736;152.185;0.519405;;
381;3.45152;1.39336;152.572;0.520741;;
382;3.45154;1.38971;152.958;0.522074;;
383;3.45152;1.38585;153.343;0.523402;;
384;3.45152;1.3821;153.727;0.524727;;
385;3.45151;1.37888;154.11;0.526049;;
386;3.45149;1.375;154.492;0.527368;;
387;3.45148;1.37124;154.873;0.528682;;
388;3.4515;1.36811;155.253;0.529994;;
389;3.45152;1.36494;155.632;0.531303;;
390;3.45151;1.36203;156.01;0.532609;;
391;3.45152;1.35903;156.388;0.533912;;
392;3.45154;1.35594;156.765;0.535212;;
393;3.45153;1.35289;157.14;0.536509;;
394;3.45154;1.34955;157.515;0.537803;;
395;3.45156;1.34636;157.889;0.539093;;
396;3.45154;1.34291;158.262;0.540381;;
397;3.45153;1.33956;158.634;0.541665;;
398;3.45153;1.33634;159.006;0.542946;;
399;3.45151;1.33277;159.376;0.544224;;
400;3.45152;1.32956;159.745;0.545499;;
401;3.45151;1.32666;160.114;0.546771;;
402;3.45151;1.3239;160.481;0.54804;;
403;3.45151;1.32065;160.848;0.549306;;
404;3.45153;1.31778;161.214;0.55057;;
405;3.45153;1.31481;161.58;0.55183;;
406;3.45154;1.31214;161.944;0.553088;;
407;3.45151;1.30942;162.308;0.554344;;
408;3.45152;1.30622;162.671;0.555596;;
409;3.45152;1.30312;163.033;0.556846;;
410;3.4515;1.29995;163.394;0.558092;;
411;3.4515;1.29659;163.754;0.559335;;
412;3.45151;1.29397;164.113;0.560576;;
413;3.4515;1.29145;164.472;0.561814;;
414;3.45149;1.28874;164.83;0.563049;;
415;3.4515;1.28662;165.187;0.564283;;
416;3.45153;1.28349;165.544;0.565513;;
417;3.45151;1.28121;165.9;0.566742;;
418;3.45154;1.27895;166.255;0.567968;;
419;3.45154;1.27636;166.61;0.569192;;
420;3.45152;1.27333;166.963;0.570413;;
421;3.45156;1.27063;167.316;0.571631;;
422;3.4515;1.26809;167.668;0.572847;;
423;3.45154;1.26572;168.02;0.57406;;
424;3.45151;1.26242;168.371;0.57527;;
425;3.4515;1.25957;168.721;0.576478;;
426;3.45151;1.25699;169.07;0.577683;;
427;3.45151;1.25427;169.418;0.578886;;
428;3.45151;1.25168;169.766;0.580086;;
429;3.45149;1.24922;170.113;0.581284;;
430;3.45151;1.24643;170.459;0.582479;;
431;3.45155;1.24346;170.805;0.583671;;
432;3.45152;1.24106;171.149;0.584861;;
433;3.4515;1.23881;171.493;0.586048;;
434;3.45152;1.23608;171.837;0.587233;;
435;3.45149;1.23342;172.179;0.588416;;
436;3.45147;1.23095;172.521;0.589596;;
437;3.45149;1.22881;172.863;0.590774;;
438;3.4515;1.22622;173.203;0.59195;;
439;3.4515;1.22362;173.543;0.593123;;
440;3.45146;1.22121;173.882;0.594294;;
441;3.45152;1.21916;174.221;0.595463;;
442;3.45152;1.21674;174.559;0.596629;;
443;3.45153;1.21473;174.896;0.597794;;
444;3.45155;1.21248;175.233;0.598956;;
445;3.45154;1.21045;175.569;0.600117;;
446;3.45157;1.20819;175.905;0.601275;;
447;3.45153;1.20609;176.24;0.602432;;
448;3.45158;1.20398;176.575;0.603586;;
449;3.45156;1.20153;176.908;0.604738;;
450;3.45159;1.19895;177.241;0.605887;;
451;3.45156;1.19605;177.574;0.607034;;
452;3.45153;1.19326;177.905;0.608178;;
453;3.45157;1.19099;178.236;0.60932;;
454;3.45153;1.18841;178.566;0.61046;;
455;3.45154;1.18623;178.895;0.611597;;
456;3.45154;1.18403;179.224;0.612732;;
457;3.45155;1.1814;179.553;0.613865;;
458;3.45151;1.1786;179.88;0.614995;;
459;3.45149;1.17601;180.207;0.616122;;
460;3.4515;1.17359;180.533;0.617247;;
461;3.45151;1.17129;180.858;0.61837;;
462;3.45151;1.16974;181.183;0.619492;;
463;3.4515;1.16753;181.507;0.620611;;
464;3.45153;1.16532;181.831;0.621728;;
465;3.45153;1.16328;182.154;0.622844;;
466;3.45154;1.1611;182.477;0.623957;;
467;3.45153;1.1587;182.798;0.625068;;
468;3.45152;1.15643;183.12;0.626177;;
469;3.45155;1.15446;183.44;0.627284;;
470;3.45154;1.15202;183.76;0.628388;;
471;3.45155;1.15007;184.08;0.629491;;
472;3.45154;1.14806;184.399;0.630591;;
473;3.45154;1.14581;184.717;0.63169;;
474;3.45156;1.14356;185.035;0.632786;;
475;3.45157;1.14129;185.352;0.633881;;
476;3.45156;1.13814;185.668;0.634972;;
477;3.45151;1.13573;185.983;0.636061;;
478;3.45154;1.13365;186.298;0.637148;;
479;3.45156;1.1316;186.613;0.638233;;
480;3.45149;1.12895;186.926;0.639315;;
481;3.45151;1.12656;187.239;0.640395;;
482;3.45151;1.12442;187.551;0.641473;;
483;3.45152;1.12229;187.863;0.642549;;
484;3.45152;1.12035;188.174;0.643623;;
485;3.4515;1.11818;188.485;0.644695;;
486;3.45153;1.11613;188.795;0.645765;;
487;3.45155;1.11379;189.104;0.646833;;
488;3.45153;1.11186;189.413;0.647899;;
489;3.45153;1.11005;189.722;0.648963;;
490;3.45155;1.10762;190.029;0.650025;;
491;3.45153;1.1056;190.336;0.651085;;
492;3.45155;1.10327;190.643;0.652143;;
493;3.45155;1.10064;190.949;0.653198;;
494;3.45152;1.09817;191.254;0.654251;;
495;3.45154;1.09632;191.558;0.655302;;
496;3.45152;1.09456;191.862;0.656352;;
497;3.45151;1.09224;192.166;0.657399;;
498;3.45154;1.09046;192.469;0.658445;;
499;3.45155;1.08864;192.771;0.659488;;
500;3.45154;1.08695;193.073;0.66053;;
501;3.45154;1.08467;193.374;0.66157;;
502;3.45153;1.0824;193.675;0.662608;;
503;3.45152;1.08011;193.975;0.663644;;
504;3.45152;1.07802;194.274;0.664677;;
505;3.45154;1.07615;194.573;0.665709;;
506;3.45156;1.07384;194.872;0.666739;;
507;3.45152;1.07178;195.169;0.667766;;
508;3.45154;1.07002;195.466;0.668792;;
509;3.45153;1.06779;195.763;0.669816;;
510;3.45152;1.06584;196.059;0.670838;;
511;3.45153;1.06386;196.355;0.671858;;
512;3.45153;1.06162;196.65;0.672875;;
513;3.45151;1.05985;196.944;0.673892;;
514;3.45156;1.05824;197.238;0.674906;;
515;3.45155;1.05621;197.531;0.675919;;
516;3.45154;1.05429;197.824;0.67693;;
517;3.45156;1.0524;198.116;0.677939;;
518;3.45157;1.05049;198.408;0.678946;;
519;3.45155;1.04836;198.699;0.679951;;
520;3.45155;1.04644;198.99;0.680954;;
521;3.45155;1.04405;199.28;0.681955;;
522;3.45153;1.04168;199.57;0.682954;;
523;3.45152;1.0395;199.858;0.683951;;
524;3.45151;1.03761;200.147;0.684945;;
525;3.45154;1.03586;200.434;0.685939;;
526;3.45151;1.03386;200.721;0.68693;;
527;3.45154;1.03188;201.008;0.687919;;
528;3.45154;1.03033;201.294;0.688907;;
529;3.45153;1.02837;201.58;0.689893;;
530;3.45155;1.02609;201.865;0.690877;;
531;3.45152;1.02449;202.15;0.691859;;
532;3.45156;1.02214;202.433;0.692839;;
533;3.45155;1.02024;202.717;0.693817;;
534;3.45153;1.01801;203;0.694793;;
535;3.45155;1.01616;203.282;0.695767;;
536;3.45154;1.01403;203.564;0.69674;;
537;3.45152;1.01223;203.845;0.69771;;
538;3.45154;1.01028;204.125;0.698679;;
539;3.45153;1.00859;204.406;0.699646;;
540;3.45152;1.00632;204.685;0.700611;;
541;3.45154;1.00415;204.964;0.701573;;
542;3.45152;1.00289;205.243;0.702535;;
543;3.45155;1.00105;205.521;0.703495;;
544;3.45157;0.999412;205.798;0.704453;;
545;3.45155;0.99671;206.075;0.705408;;
546;3.45155;0.994351;206.351;0.706362;;
547;3.45151;0.992362;206.627;0.707313;;
548;3.45151;0.990321;206.902;0.708263;;
549;3.45153;0.989103;207.177;0.709211;;
550;3.45154;0.987352;207.451;0.710158;;
551;3.45153;0.985369;207.725;0.711102;;
552;3.45154;0.983685;207.998;0.712045;;
553;3.4515;0.981931;208.271;0.712987;;
554;3.45151;0.979842;208.543;0.713926;;
555;3.45154;0.978328;208.815;0.714864;;
556;3.45154;0.976421;209.086;0.7158;;
557;3.45154;0.974637;209.357;0.716735;;
558;3.45154;0.972617;209.627;0.717667;;
559;3.45154;0.97077;209.897;0.718598;;
560;3.45154;0.968943;210.166;0.719527;;
561;3.45152;0.967032;210.434;0.720454;;
562;3.45151;0.964715;210.702;0.721379;;
563;3.45151;0.962298;210.97;0.722302;;
564;3.45151;0.960129;211.236;0.723222;;
565;3.45149;0.958676;211.503;0.724141;;
566;3.45151;0.957029;211.768;0.725059;;
567;3.45148;0.954628;212.034;0.725974;;
568;3.4515;0.952968;212.298;0.726888;;
569;3.4515;0.951591;212.563;0.7278;;
570;3.4515;0.950388;212.827;0.728711;;
571;3.45152;0.948984;213.09;0.729621;;
572;3.45154;0.94735;213.353;0.73053;;
573;3.45152;0.945469;213.616;0.731436;;
574;3.45155;0.943779;213.878;0.732341;;
575;3.45156;0.941857;214.14;0.733244;;
576;3.45157;0.939933;214.401;0.734145;;
577;3.45154;0.93768;214.661;0.735044;;
578;3.45156;0.9358;214.921;0.735941;;
579;3.45152;0.934249;215.181;0.736837;;
580;3.45156;0.93283;215.44;0.737731;;
581;3.45153;0.930954;215.699;0.738624;;
582;3.45155;0.929204;215.957;0.739515;;
583;3.45156;0.927866;216.214;0.740404;;
584;3.45154;0.926142;216.472;0.741292;;
585;3.45156;0.924427;216.728;0.742179;;
586;3.45159;0.92305;216.985;0.743064;;
587;3.45159;0.920359;217.241;0.743946;;
588;3.45153;0.918235;217.496;0.744826;;
589;3.45153;0.915724;217.75;0.745704;;
590;3.45147;0.913814;218.004;0.746581;;
591;3.45151;0.911931;218.257;0.747455;;
592;3.45153;0.910263;218.51;0.748328;;
593;3.45154;0.908411;218.762;0.749198;;
594;3.45153;0.906758;219.014;0.750068;;
595;3.4515;0.904862;219.266;0.750935;;
596;3.45153;0.903532;219.517;0.751802;;
597;3.45149;0.90172;219.767;0.752666;;
598;3.45155;0.900328;220.017;0.753529;;
599;3.45154;0.898768;220.267;0.754391;;
600;3.4515;0.89672;220.516;0.755251;;
601;3.45153;0.8949;220.764;0.756109;;
602;3.45152;0.893623;221.013;0.756966;;
603;3.45153;0.891898;221.26;0.757821;;
604;3.45152;0.890512;221.508;0.758674;;
605;3.45154;0.889142;221.755;0.759527;;
606;3.45156;0.88728;222.001;0.760378;;
607;3.45156;0.885533;222.247;0.761227;;
608;3.45155;0.883928;222.493;0.762074;;
609;3.45158;0.882447;222.738;0.76292;;
610;3.45158;0.880894;222.983;0.763765;;
611;3.45159;0.879261;223.227;0.764608;;
612;3.4516;0.877461;223.471;0.765449;;
613;3.45158;0.875388;223.714;0.766288;;
614;3.45157;0.873566;223.956;0.767126;;
615;3.45157;0.872171;224.199;0.767962;;
616;3.4516;0.870835;224.441;0.768797;;
617;3.45157;0.869143;224.682;0.76963;;
618;3.45156;0.866944;224.923;0.770462;;
619;3.45154;0.865475;225.163;0.771291;;
620;3.45155;0.863544;225.403;0.772119;;
621;3.45155;0.861942;225.642;0.772946;;
622;3.45153;0.860558;225.882;0.773771;;
623;3.45152;0.85854;226.12;0.774594;;
624;3.45152;0.856919;226.358;0.775415;;
625;3.45154;0.855148;226.596;0.776235;;
626;3.45153;0.853269;226.833;0.777053;;
627;3.45154;0.851748;227.069;0.77787;;
628;3.45153;0.850632;227.305;0.778686;;
629;3.45157;0.84857;227.541;0.779499;;
630;3.45154;0.846872;227.776;0.780311;;
631;3.45154;0.845295;228.011;0.781122;;
632;3.45154;0.843955;228.246;0.781931;;
633;3.45151;0.842475;228.48;0.782738;;
634;3.45157;0.840956;228.713;0.783545;;
635;3.45156;0.839364;228.946;0.784349;;
636;3.45156;0.838146;229.179;0.785153;;
637;3.45155;0.836373;229.412;0.785955;;
638;3.45157;0.835008;229.644;0.786756;;
639;3.45157;0.833075;229.875;0.787554;;
640;3.45157;0.831666;230.106;0.788352;;
641;3.45157;0.829993;230.337;0.789147;;
642;3.45153;0.82844;230.567;0.789942;;
643;3.45156;0.826967;230.796;0.790735;;
644;3.45154;0.825447;231.026;0.791526;;
645;3.45158;0.824027;231.255;0.792316;;
646;3.45153;0.822677;231.483;0.793105;;
647;3.45157;0.821044;231.711;0.793892;;
648;3.45156;0.819489;231.939;0.794678;;
649;3.45152;0.817439;232.166;0.795461;;
650;3.45154;0.815444;232.392;0.796243;;
651;3.45155;0.814178;232.619;0.797024;;
652;3.45153;0.812306;232.844;0.797803;;
653;3.45155;0.811253;233.069;0.79858;;
654;3.45156;0.809764;233.294;0.799357;;
655;3.45156;0.808116;233.519;0.800132;;
656;3.45157;0.806566;233.743;0.800905;;
657;3.45152;0.805275;233.967;0.801677;;
658;3.45153;0.803783;234.19;0.802448;;
659;3.45153;0.80212;234.413;0.803217;;
660;3.45154;0.800617;234.635;0.803984;;
661;3.45154;0.79902;234.857;0.80475;;
662;3.45152;0.797387;235.079;0.805515;;
663;3.45151;0.795828;235.3;0.806278;;
664;3.45155;0.794545;235.52;0.80704;;
665;3.45154;0.792813;235.741;0.8078;;
666;3.45153;0.791408;235.96;0.808558;;
667;3.45153;0.789424;236.18;0.809315;;
668;3.45152;0.787941;236.399;0.810071;;
669;3.45153;0.786166;236.617;0.810825;;
670;3.45151;0.784897;236.835;0.811577;;
671;3.45153;0.783991;237.053;0.812329;;
672;3.45153;0.782817;237.27;0.813079;;
673;3.45154;0.781368;237.487;0.813828;;
674;3.45156;0.779609;237.704;0.814576;;
675;3.45152;0.777638;237.92;0.815321;;
676;3.4515;0.775945;238.135;0.816065;;
677;3.45151;0.775033;238.351;0.816808;;
678;3.45152;0.773156;238.565;0.81755;;
679;3.45154;0.77176;238.78;0.81829;;
680;3.45152;0.770631;238.994;0.819028;;
681;3.4515;0.768566;239.207;0.819765;;
682;3.45149;0.766855;239.42;0.820501;;
683;3.4515;0.765762;239.633;0.821235;;
684;3.45152;0.764573;239.845;0.821968;;
685;3.45152;0.762909;240.057;0.822699;;
686;3.45148;0.761677;240.269;0.823429;;
687;3.45152;0.760288;240.48;0.824158;;
688;3.45151;0.759167;240.691;0.824886;;
689;3.4515;0.757377;240.901;0.825612;;
690;3.45149;0.75593;241.111;0.826337;;
691;3.45155;0.754614;241.321;0.827061;;
692;3.45153;0.753601;241.53;0.827783;;
693;3.45154;0.752384;241.739;0.828504;;
694;3.45153;0.750645;241.948;0.829224;;
695;3.45151;0.749378;242.156;0.829943;;
696;3.45153;0.747775;242.364;0.83066;;
697;3.45153;0.746246;242.571;0.831375;;
698;3.45148;0.744925;242.778;0.832089;;
699;3.45151;0.743186;242.984;0.832802;;
700;3.45149;0.741558;243.19;0.833513;;
701;3.45149;0.740418;243.396;0.834223;;
702;3.45152;0.739288;243.601;0.834931;;
703;3.45155;0.738198;243.806;0.835639;;
704;3.45153;0.737171;244.011;0.836346;;
705;3.45153;0.735978;244.216;0.837052;;
706;3.45152;0.734418;244.42;0.837756;;
707;3.45156;0.733058;244.623;0.838459;;
708;3.45155;0.731664;244.826;0.83916;;
709;3.45154;0.730213;245.029;0.83986;;
710;3.45154;0.728833;245.232;0.840559;;
711;3.45153;0.727367;245.434;0.841256;;
712;3.45149;0.726303;245.636;0.841953;;
713;3.45155;0.724781;245.837;0.842647;;
714;3.45153;0.72345;246.038;0.843341;;
715;3.45153;0.722135;246.238;0.844033;;
716;3.45152;0.72089;246.439;0.844725;;
717;3.45153;0.719536;246.639;0.845414;;
718;3.45157;0.718266;246.838;0.846103;;
719;3.45153;0.716993;247.037;0.846791;;
720;3.45154;0.715241;247.236;0.847476;;
721;3.45151;0.713722;247.434;0.848161;;
722;3.45152;0.712596;247.632;0.848844;;
723;3.45155;0.7114;247.83;0.849526;;
724;3.45152;0.710181;248.027;0.850207;;
725;3.45155;0.709164;248.224;0.850887;;
726;3.45155;0.707729;248.421;0.851565;;
727;3.45151;0.706427;248.617;0.852242;;
728;3.45159;0.70563;248.813;0.852919;;
729;3.45159;0.704332;249.008;0.853594;;
730;3.45157;0.702838;249.204;0.854268;;
731;3.45157;0.701678;249.399;0.854941;;
732;3.45155;0.699973;249.593;0.855612;;
733;3.45155;0.698546;249.787;0.856282;;
734;3.45155;0.696968;249.981;0.85695;;
735;3.45155;0.695986;250.174;0.857617;;
736;3.45155;0.694731;250.367;0.858283;;
737;3.45157;0.69282;250.559;0.858948;;
738;3.45153;0.691588;250.752;0.859611;;
739;3.45153;0.689712;250.943;0.860272;;
740;3.45154;0.688368;251.134;0.860932;;
741;3.45153;0.68728;251.325;0.861591;;
742;3.45152;0.686016;251.516;0.862249;;
743;3.45154;0.684775;251.706;0.862905;;
744;3.45151;0.683279;251.896;0.86356;;
745;3.45151;0.681808;252.085;0.864214;;
746;3.4515;0.680377;252.274;0.864866;;
747;3.45149;0.678937;252.463;0.865517;;
748;3.45149;0.677839;252.651;0.866167;;
749;3.4515;0.676773;252.839;0.866816;;
750;3.45152;0.675915;253.027;0.867464;;
751;3.4515;0.674558;253.214;0.868111;;
752;3.4515;0.67318;253.401;0.868756;;
753;3.45152;0.672245;253.588;0.869401;;
754;3.45151;0.671183;253.774;0.870044;;
755;3.45151;0.670218;253.961;0.870687;;
756;3.45155;0.66914;254.146;0.871328;;
757;3.45151;0.66773;254.332;0.871968;;
758;3.45152;0.667257;254.517;0.872608;;
759;3.45156;0.666293;254.702;0.873247;;
760;3.45155;0.665107;254.887;0.873885;;
761;3.45156;0.664013;255.072;0.874521;;
762;3.45156;0.662357;255.256;0.875156;;
763;3.45152;0.660725;255.439;0.87579;;
764;3.45153;0.659353;255.622;0.876422;;
765;3.4515;0.657904;255.805;0.877053;;
766;3.45152;0.656769;255.987;0.877682;;
767;3.45153;0.655583;256.17;0.878311;;
768;3.45151;0.654429;256.351;0.878938;;
769;3.45151;0.653121;256.533;0.879565;;
770;3.45149;0.652059;256.714;0.88019;;
771;3.45155;0.651395;256.895;0.880814;;
772;3.45157;0.65069;257.076;0.881438;;
773;3.45156;0.649238;257.256;0.882061;;
774;3.45153;0.647529;257.436;0.882681;;
775;3.45151;0.646644;257.615;0.883301;;
776;3.45153;0.645503;257.795;0.88392;;
777;3.45155;0.644597;257.974;0.884538;;
778;3.45155;0.643775;258.153;0.885156;;
779;3.45155;0.64231;258.331;0.885771;;
780;3.45155;0.641413;258.509;0.886386;;
781;3.45155;0.640027;258.687;0.887;;
782;3.45156;0.638742;258.864;0.887612;;
783;3.45152;0.637525;259.042;0.888224;;
784;3.45153;0.63667;259.218;0.888834;;
785;3.45154;0.635193;259.395;0.889443;;
786;3.45152;0.634065;259.571;0.890051;;
787;3.45152;0.632708;259.747;0.890658;;
788;3.45153;0.631598;259.922;0.891263;;
789;3.45154;0.63054;260.097;0.891868;;
790;3.45156;0.629731;260.272;0.892471;;
791;3.45155;0.628169;260.447;0.893074;;
792;3.45154;0.627342;260.621;0.893675;;
793;3.45155;0.626629;260.795;0.894276;;
794;3.45157;0.62525;260.969;0.894875;;
795;3.45153;0.623372;261.142;0.895473;;
796;3.4515;0.622181;261.315;0.89607;;
797;3.45155;0.621459;261.487;0.896665;;
798;3.45156;0.620531;261.66;0.89726;;
799;3.45158;0.619964;261.832;0.897855;;
800;3.45159;0.618909;262.004;0.898448;;
801;3.45156;0.617804;262.175;0.89904;;
802;3.45156;0.616674;262.347;0.899632;;
803;3.4516;0.6152;262.518;0.900222;;
804;3.45156;0.613892;262.688;0.90081;;
805;3.45154;0.612278;262.858;0.901397;;
806;3.45151;0.610988;263.028;0.901983;;
807;3.4515;0.60963;263.197;0.902567;;
808;3.4515;0.608964;263.366;0.903151;;
809;3.45154;0.607745;263.535;0.903734;;
810;3.45152;0.606392;263.704;0.904315;;
811;3.45153;0.60534;263.872;0.904896;;
812;3.45157;0.604695;264.04;0.905475;;
813;3.45152;0.603493;264.207;0.906054;;
814;3.45153;0.602386;264.375;0.906632;;
815;3.45155;0.601719;264.542;0.907209;;
816;3.45155;0.600747;264.709;0.907784;;
817;3.45156;0.599765;264.875;0.90836;;
818;3.45159;0.598811;265.042;0.908934;;
819;3.45154;0.59793;265.208;0.909507;;
820;3.45155;0.596669;265.374;0.910079;;
821;3.45156;0.595718;265.539;0.91065;;
822;3.45157;0.59426;265.704;0.91122;;
823;3.45155;0.593387;265.869;0.911789;;
824;3.45158;0.592005;266.033;0.912356;;
825;3.45155;0.590693;266.197;0.912923;;
826;3.45152;0.589242;266.361;0.913488;;
827;3.45151;0.587972;266.524;0.914051;;
828;3.45153;0.586688;266.687;0.914614;;
829;3.45156;0.585758;266.85;0.915175;;
830;3.4515;0.584551;267.013;0.915736;;
831;3.4515;0.583521;267.175;0.916295;;
832;3.45154;0.583002;267.337;0.916854;;
833;3.45155;0.581839;267.498;0.917412;;
834;3.45153;0.58068;267.659;0.917969;;
835;3.45154;0.579971;267.821;0.918525;
0;3.37996;0.00781177;0;0;;
2;3.37997;0.00781929;0.00434405;1.46828e-05;;
3;3.40532;0.580774;0.16567;0.00056405;;
4;3.40823;0.580563;0.326938;0.00111369;;
5;3.40956;0.58052;0.488193;0.0016635;;
6;3.41053;0.580508;0.649445;0.00221345;;
7;3.41141;0.580481;0.81069;0.00276352;;
8;3.41217;0.580481;0.971935;0.00331372;;
9;3.41284;0.58047;1.13318;0.00386401;;
10;3.41343;0.580464;1.29442;0.00441439;;
11;3.41404;0.58047;1.45566;0.00496488;;
12;3.41457;0.580471;1.6169;0.00551545;;
13;3.41514;0.580459;1.77814;0.0060661;;
14;3.41565;0.58046;1.93938;0.00661684;;
15;3.41617;0.580461;2.10062;0.00716766;;
16;3.41665;0.580457;2.26185;0.00771855;;
17;3.41712;0.580452;2.42309;0.00826952;;
18;3.41758;0.580455;2.58433;0.00882056;;
19;3.418;0.580465;2.74557;0.00937168;;
20;3.4184;0.58046;2.90681;0.00992286;;
21;3.4188;0.580457;3.06805;0.0104741;;
22;3.41917;0.580441;3.22928;0.0110254;;
23;3.41954;0.580451;3.39052;0.0115767;;
24;3.41992;0.580451;3.55175;0.0121282;;
25;3.42025;0.580449;3.71299;0.0126796;;
26;3.42063;0.580444;3.87422;0.0132311;;
27;3.42101;0.580449;4.03546;0.0137827;;
28;3.42136;0.580448;4.19669;0.0143344;;
29;3.42174;0.580447;4.35793;0.0148861;;
30;3.42209;0.580458;4.51917;0.0154379;;
31;3.42243;0.580448;4.6804;0.0159897;;
32;3.42273;0.580452;4.84164;0.0165415;;
33;3.42309;0.580445;5.00287;0.0170935;;
34;3.4234;0.580465;5.16412;0.0176455;;
35;3.42374;0.580442;5.32535;0.0181975;;
36;3.42402;0.580444;5.48658;0.0187495;;
37;3.42433;0.580463;5.64782;0.0193017;;
38;3.42466;0.580442;5.80906;0.0198539;;
39;3.42496;0.580452;5.97029;0.0204061;;
40;3.42528;0.580454;6.13153;0.0209584;;
41;3.42554;0.58045;6.29277;0.0215107;;
42;3.42583;0.580443;6.454;0.022063;;
43;3.42615;0.580454;6.61524;0.0226155;;
44;3.42643;0.580445;6.77647;0.0231679;;
45;3.42671;0.580457;6.93771;0.0237204;;
46;3.427;0.580455;7.09895;0.024273;;
47;3.4273;0.580461;7.26019;0.0248256;;
48;3.42756;0.580448;7.42142;0.0253783;;
49;3.42785;0.580458;7.58266;0.025931;;
50;3.42812;0.580463;7.7439;0.0264837;;
51;3.42835;0.58047;7.90514;0.0270365;;
52;3.42863;0.58045;8.06638;0.0275893;;
53;3.42889;0.580449;8.22762;0.0281422;;
54;3.42912;0.580451;8.38885;0.0286951;;
55;3.42941;0.580445;8.55009;0.029248;;
56;3.42963;0.580471;8.71133;0.029801;;
57;3.42987;0.580461;8.87257;0.0303541;;
58;3.43012;0.580456;9.03381;0.0309071;;
59;3.43036;0.580443;9.19504;0.0314602;;
60;3.43061;0.580442;9.35627;0.0320133;;
61;3.43086;0.580443;9.51751;0.0325665;;
62;3.4311;0.580439;9.67874;0.0331197;;
63;3.4313;0.580436;9.83997;0.033673;;
64;3.43155;0.580448;10.0012;0.0342262;;
65;3.43179;0.580443;10.1624;0.0347796;;
66;3.43201;0.580443;10.3237;0.0353329;;
67;3.43224;0.58044;10.4849;0.0358863;;
68;3.43246;0.580442;10.6461;0.0364397;;
69;3.4327;0.580453;10.8074;0.0369932;;
70;3.43293;0.580462;10.9686;0.0375467;;
71;3.43314;0.580458;11.1299;0.0381003;;
72;3.43337;0.580446;11.2911;0.0386539;;
73;3.43358;0.580453;11.4523;0.0392075;;
74;3.4338;0.580446;11.6136;0.0397611;;
75;3.43402;0.580457;11.7748;0.0403148;;
76;3.4342;0.580457;11.936;0.0408686;;
77;3.43442;0.580462;12.0973;0.0414223;;
78;3.43467;0.580454;12.2585;0.0419761;;
79;3.43482;0.580459;12.4198;0.04253;;
80;3.43502;0.580463;12.581;0.0430838;;
81;3.43527;0.580449;12.7422;0.0436377;;
82;3.43547;0.580451;12.9035;0.0441916;;
83;3.43561;0.580445;13.0647;0.0447456;;
84;3.43584;0.58045;13.2259;0.0452995;;
85;3.43607;0.580458;13.3872;0.0458536;;
86;3.43626;0.580448;13.5484;0.0464076;;
87;3.43646;0.580449;13.7096;0.0469617;;
88;3.43666;0.580452;13.8709;0.0475158;;
89;3.43688;0.580454;14.0321;0.04807;;
90;3.4371;0.580457;14.1934;0.0486242;;
91;3.43727;0.580449;14.3546;0.0491784;;
92;3.43749;0.580464;14.5158;0.0497326;;
93;3.43768;0.580442;14.6771;0.0502869;;
94;3.43792;0.580451;14.8383;0.0508412;;
95;3.43807;0.580463;14.9995;0.0513956;;
96;3.43825;0.580449;15.1608;0.0519499;;
97;3.43845;0.580451;15.322;0.0525043;;
98;3.43863;0.580432;15.4833;0.0530588;;
99;3.43879;0.580437;15.6445;0.0536132;;
100;3.43897;0.580446;15.8057;0.0541677;;
101;3.43914;0.58045;15.967;0.0547222;;
102;3.43933;0.580447;16.1282;0.0552767;;
103;3.43953;0.580455;16.2894;0.0558313;;
104;3.43968;0.580453;16.4507;0.0563859;;
105;3.43989;0.580437;16.6119;0.0569406;;
106;3.44004;0.580453;16.7731;0.0574952;;
107;3.44023;0.58045;16.9344;0.0580499;;
108;3.44041;0.580443;17.0956;0.0586046;;
109;3.44059;0.580458;17.2568;0.0591594;;
110;3.44077;0.580451;17.4181;0.0597141;;
111;3.44096;0.580448;17.5793;0.060269;;
112;3.44109;0.580455;17.7406;0.0608238;;
113;3.44127;0.580447;17.9018;0.0613786;;
114;3.44144;0.58045;18.063;0.0619335;;
115;3.44161;0.58044;18.2243;0.0624884;;
116;3.44181;0.580447;18.3855;0.0630434;;
117;3.44197;0.580441;18.5467;0.0635983;;
118;3.44215;0.580451;18.708;0.0641533;;
119;3.44232;0.580447;18.8692;0.0647084;;
120;3.4425;0.580448;19.0304;0.0652634;;
121;3.44267;0.580455;19.1917;0.0658185;;
122;3.44284;0.580463;19.3529;0.0663736;;
123;3.443;0.580451;19.5141;0.0669288;;
124;3.44319;0.580458;19.6754;0.0674839;;
125;3.44333;0.580456;19.8366;0.0680391;;
126;3.44351;0.580462;19.9979;0.0685943;;
127;3.44367;0.580466;20.1591;0.0691496;;
128;3.44384;0.580459;20.3203;0.0697049;;
129;3.44397;0.58046;20.4816;0.0702602;;
130;3.44411;0.580449;20.6428;0.0708155;;
131;3.44429;0.580449;20.8041;0.0713708;;
132;3.44442;0.580458;20.9653;0.0719262;;
133;3.4446;0.580455;21.1265;0.0724816;;
134;3.44473;0.58045;21.2878;0.073037;;
135;3.44489;0.580458;21.449;0.0735925;;
136;3.44503;0.580458;21.6102;0.074148;;
137;3.44519;0.580461;21.7715;0.0747035;;
138;3.44538;0.580452;21.9327;0.075259;;
139;3.44555;0.580454;22.094;0.0758145;;
140;3.44571;0.580455;22.2552;0.0763701;;
141;3.44584;0.580458;22.4164;0.0769257;;
142;3.446;0.580457;22.5777;0.0774813;;
143;3.44613;0.580454;22.7389;0.078037;;
144;3.44628;0.580455;22.9001;0.0785926;;
145;3.44642;0.58045;23.0614;0.0791483;;
146;3.44657;0.580443;23.2226;0.079704;;
147;3.44672;0.580446;23.3838;0.0802598;;
148;3.44687;0.580452;23.5451;0.0808155;;
149;3.447;0.580446;23.7063;0.0813713;;
150;3.44715;0.580443;23.8676;0.0819271;;
151;3.44729;0.580454;24.0288;0.0824829;;
152;3.44748;0.580445;24.19;0.0830388;;
153;3.44759;0.580442;24.3513;0.0835947;;
154;3.44776;0.580434;24.5125;0.0841505;;
155;3.44787;0.580437;24.6737;0.0847065;;
156;3.44805;0.580447;24.835;0.0852624;;
157;3.4482;0.580443;24.9962;0.0858184;;
158;3.44834;0.58045;25.1574;0.0863744;;
159;3.44847;0.580455;25.3187;0.0869304;;
160;3.44861;0.580447;25.4799;0.0874864;;
161;3.44875;0.58044;25.6411;0.0880425;;
162;3.44892;0.58046;25.8024;0.0885986;;
163;3.44905;0.580445;25.9636;0.0891547;;
164;3.44918;0.580434;26.1248;0.0897108;;
165;3.44931;0.580436;26.2861;0.0902669;;
166;3.44945;0.580445;26.4473;0.0908231;;
167;3.44957;0.580443;26.6085;0.0913793;;
168;3.44971;0.580444;26.7698;0.0919355;;
169;3.44983;0.580444;26.931;0.0924917;;
170;3.44998;0.580451;27.0922;0.093048;;
171;3.45014;0.580461;27.2535;0.0936043;;
172;3.45024;0.580442;27.4147;0.0941606;;
173;3.4504;0.580459;27.576;0.0947169;;
174;3.45055;0.580453;27.7372;0.0952733;;
175;3.45065;0.580449;27.8984;0.0958297;;
176;3.45077;0.58044;28.0597;0.096386;;
177;3.45091;0.580456;28.2209;0.0969425;;
178;3.45105;0.580445;28.3821;0.0974989;;
179;3.45116;0.580448;28.5434;0.0980553;;
180;3.45131;0.580448;28.7046;0.0986118;;
181;3.45145;0.579278;28.8655;0.0991672;;
182;3.45144;0.575841;29.0255;0.0997193;;
183;3.45145;0.573035;29.1846;0.100269;;
184;3.45143;0.570141;29.343;0.100815;;
185;3.45144;0.567635;29.5007;0.101359;;
186;3.45142;0.564772;29.6576;0.101901;;
187;3.45145;0.562068;29.8137;0.10244;;
188;3.45144;0.559381;29.9691;0.102976;;
189;3.45148;0.5571;30.1238;0.10351;;
190;3.45143;0.554735;30.2779;0.104042;;
191;3.45144;0.5525;30.4314;0.104572;;
192;3.45147;0.550211;30.5842;0.105099;;
193;3.45147;0.547664;30.7364;0.105624;;
194;3.45143;0.545392;30.8879;0.106147;;
195;3.45144;0.543174;31.0388;0.106668;;
196;3.45146;0.541633;31.1892;0.107187;;
197;3.45144;0.53928;31.339;0.107704;;
198;3.45147;0.537104;31.4882;0.108219;;
199;3.45145;0.535221;31.6369;0.108732;;
200;3.45146;0.533458;31.7851;0.109244;;
201;3.45147;0.531016;31.9326;0.109753;;
202;3.45144;0.528738;32.0794;0.11026;;
203;3.45148;0.527082;32.2258;0.110765;;
204;3.45146;0.525106;32.3717;0.111269;;
205;3.45151;0.523483;32.5171;0.111771;;
206;3.45147;0.52156;32.662;0.112271;;
207;3.45146;0.519262;32.8062;0.112768;;
208;3.45146;0.517756;32.9501;0.113265;;
209;3.45147;0.515661;33.0933;0.113759;;
210;3.45144;0.513774;33.236;0.114252;;
211;3.45145;0.511882;33.3782;0.114743;;
212;3.45144;0.51039;33.52;0.115232;;
213;3.45144;0.508832;33.6613;0.11572;;
214;3.45145;0.507541;33.8023;0.116206;;
215;3.45147;0.505933;33.9428;0.116691;;
216;3.45147;0.504568;34.083;0.117175;;
217;3.45148;0.502968;34.2227;0.117657;;
218;3.45148;0.501683;34.3621;0.118138;;
219;3.45148;0.499996;34.501;0.118618;;
220;3.45149;0.498603;34.6395;0.119096;;
221;3.45147;0.496709;34.7774;0.119572;;
222;3.45147;0.494953;34.9149;0.120046;;
223;3.45145;0.493287;35.0519;0.120519;;
224;3.45147;0.492315;35.1887;0.120991;;
225;3.45148;0.490467;35.3249;0.121462;;
226;3.45143;0.488978;35.4608;0.12193;;
227;3.45146;0.487481;35.5962;0.122398;;
228;3.45143;0.486005;35.7312;0.122864;;
229;3.45141;0.48415;35.8657;0.123328;;
230;3.45145;0.483084;35.9999;0.123791;;
231;3.45148;0.481779;36.1337;0.124253;;
232;3.45147;0.480714;36.2672;0.124714;;
233;3.45149;0.479353;36.4004;0.125173;;
234;3.4515;0.477844;36.5331;0.125632;;
235;3.45145;0.476733;36.6655;0.126089;;
236;3.45147;0.475358;36.7976;0.126544;;
237;3.45148;0.474353;36.9293;0.126999;;
238;3.4515;0.472949;37.0607;0.127453;;
239;3.45148;0.471911;37.1918;0.127905;;
240;3.45148;0.470494;37.3225;0.128356;;
241;3.4515;0.469318;37.4529;0.128806;;
242;3.45148;0.468267;37.5829;0.129255;;
243;3.45153;0.46737;37.7128;0.129703;;
244;3.45149;0.466146;37.8422;0.13015;;
245;3.45151;0.465007;37.9714;0.130596;;
246;3.4515;0.463903;38.1003;0.131041;;
247;3.45154;0.462516;38.2287;0.131484;;
248;3.45152;0.460945;38.3568;0.131926;;
249;3.45149;0.459314;38.4844;0.132366;;
250;3.4515;0.458075;38.6116;0.132806;;
251;3.45144;0.45667;38.7385;0.133243;;
252;3.45147;0.455178;38.8649;0.13368;;
253;3.45146;0.453557;38.9909;0.134115;;
254;3.45145;0.452586;39.1166;0.134548;;
255;3.45148;0.452085;39.2422;0.134982;;
256;3.45144;0.45065;39.3674;0.135414;;
257;3.45147;0.450012;39.4924;0.135845;;
258;3.45149;0.448747;39.617;0.136276;;
259;3.45146;0.447303;39.7413;0.136705;;
260;3.45148;0.446138;39.8652;0.137132;;
261;3.45146;0.444902;39.9888;0.137559;;
262;3.45145;0.443382;40.112;0.137984;;
263;3.45145;0.44252;40.2349;0.138408;;
264;3.45149;0.441609;40.3575;0.138832;;
265;3.45147;0.440944;40.48;0.139254;;
266;3.45149;0.440031;40.6023;0.139676;;
267;3.45149;0.438868;40.7242;0.140097;;
268;3.45148;0.438013;40.8458;0.140517;;
269;3.45148;0.436979;40.9672;0.140936;;
270;3.45146;0.435566;41.0882;0.141353;;
271;3.4515;0.434929;41.209;0.14177;;
272;3.45152;0.434036;41.3296;0.142187;;
273;3.4515;0.433384;41.45;0.142602;;
274;3.45153;0.432492;41.5701;0.143017;;
275;3.45149;0.431079;41.6899;0.14343;;
276;3.4515;0.429619;41.8092;0.143842;;
277;3.45145;0.428724;41.9283;0.144253;;
278;3.45151;0.428154;42.0472;0.144663;;
279;3.45149;0.427037;42.1658;0.145073;;
280;3.4515;0.425714;42.2841;0.145481;;
281;3.45148;0.424647;42.402;0.145888;;
282;3.45148;0.423715;42.5197;0.146294;;
283;3.45149;0.422941;42.6372;0.1467;;
284;3.45151;0.422518;42.7546;0.147105;;
285;3.45152;0.421463;42.8717;0.147509;;
286;3.45147;0.420263;42.9884;0.147912;;
287;3.45148;0.419519;43.1049;0.148314;;
288;3.45153;0.418218;43.2211;0.148715;;
289;3.45148;0.417203;43.337;0.149115;;
290;3.45148;0.415785;43.4525;0.149514;;
291;3.45143;0.414629;43.5677;0.149911;;
292;3.45145;0.41391;43.6826;0.150308;;
293;3.45147;0.413108;43.7974;0.150704;;
294;3.45145;0.412228;43.9119;0.151099;;
295;3.45149;0.411481;44.0262;0.151494;;
296;3.45145;0.410362;44.1402;0.151887;;
297;3.45147;0.409604;44.254;0.15228;;
298;3.45146;0.408746;44.3675;0.152672;;
299;3.45148;0.408106;44.4809;0.153063;;
300;3.45148;0.407158;44.594;0.153454;;
301;3.45146;0.406496;44.7069;0.153843;;
302;3.45148;0.405256;44.8195;0.154232;;
303;3.45146;0.404035;44.9317;0.154619;;
304;3.45146;0.403431;45.0438;0.155006;;
305;3.45153;0.402363;45.1555;0.155392;;
306;3.45147;0.401664;45.2671;0.155777;;
307;3.45147;0.400567;45.3784;0.156161;;
308;3.45146;0.399492;45.4893;0.156544;;
309;3.45143;0.398683;45.6001;0.156926;;
310;3.45147;0.397659;45.7105;0.157307;;
311;3.45146;0.397211;45.8209;0.157688;;
312;3.45148;0.396773;45.9311;0.158069;;
313;3.4515;0.395754;46.041;0.158448;;
314;3.45147;0.394881;46.1507;0.158827;;
315;3.45149;0.39432;46.2603;0.159205;;
316;3.45151;0.393832;46.3697;0.159582;;
317;3.45148;0.39247;46.4787;0.159958;;
318;3.45146;0.391264;46.5874;0.160334;;
319;3.45151;0.390786;46.6959;0.160708;;
320;3.4515;0.390072;46.8043;0.161082;;
321;3.4515;0.389692;46.9125;0.161456;;
322;3.45152;0.38919;47.0206;0.161829;;
323;3.45152;0.388672;47.1286;0.162202;;
324;3.45154;0.387525;47.2362;0.162573;;
325;3.45154;0.386732;47.3437;0.162944;;
326;3.45157;0.385891;47.4508;0.163314;;
327;3.45154;0.385174;47.5578;0.163683;;
328;3.45153;0.384161;47.6645;0.164052;;
329;3.45151;0.383564;47.7711;0.164419;;
330;3.45153;0.382702;47.8774;0.164786;;
331;3.45154;0.381658;47.9834;0.165152;;
332;3.45152;0.380456;48.0891;0.165517;;
333;3.4515;0.379893;48.1946;0.165881;;
334;3.45151;0.378893;48.2999;0.166244;;
335;3.4515;0.377914;48.4048;0.166607;;
336;3.45148;0.376581;48.5095;0.166968;;
337;3.45149;0.375858;48.6139;0.167328;;
338;3.45149;0.375133;48.7181;0.167688;;
339;3.45145;0.374456;48.8221;0.168047;;
340;3.45149;0.373766;48.9259;0.168405;;
341;3.45149;0.373123;49.0295;0.168763;;
342;3.45148;0.372371;49.133;0.16912;;
343;3.45148;0.37147;49.2362;0.169476;;
344;3.45152;0.37089;49.3392;0.169832;;
345;3.45151;0.369887;49.4419;0.170186;;
346;3.45152;0.369227;49.5445;0.17054;;
347;3.45151;0.368617;49.6469;0.170894;;
348;3.45149;0.367791;49.7491;0.171246;;
349;3.4515;0.366688;49.8509;0.171598;;
350;3.45147;0.365156;49.9524;0.171948;;
351;3.45145;0.364557;50.0536;0.172297;;
352;3.45146;0.363908;50.1547;0.172646;;
353;3.45146;0.363431;50.2557;0.172995;;
354;3.45148;0.362823;50.3564;0.173343;;
355;3.45146;0.361898;50.457;0.17369;;
356;3.45146;0.361507;50.5574;0.174036;;
357;3.45148;0.360337;50.6575;0.174382;;
358;3.45146;0.360015;50.7575;0.174727;;
359;3.45147;0.358949;50.8572;0.175071;;
360;3.45148;0.358142;50.9567;0.175414;;
361;3.45147;0.357626;51.056;0.175757;;
362;3.45146;0.356782;51.1551;0.176099;;
363;3.45147;0.355995;51.254;0.176441;;
364;3.45144;0.355467;51.3528;0.176781;;
365;3.45149;0.354811;51.4513;0.177122;;
366;3.45149;0.354541;51.5498;0.177461;;
367;3.45149;0.354351;51.6482;0.177801;;
368;3.4515;0.353496;51.7464;0.17814;;
369;3.45149;0.35266;51.8444;0.178478;;
370;3.4515;0.352336;51.9423;0.178816;;
371;3.45151;0.351833;52.04;0.179153;;
372;3.45152;0.350846;52.1374;0.17949;;
373;3.45152;0.350513;52.2348;0.179826;;
374;3.45151;0.349373;52.3319;0.180161;;
375;3.45152;0.348118;52.4286;0.180494;;
376;3.45152;0.347866;52.5252;0.180828;;
377;3.45153;0.347331;52.6217;0.181161;;
378;3.45154;0.346785;52.718;0.181493;;
379;3.45155;0.346095;52.8141;0.181825;;
380;3.45157;0.345558;52.9101;0.182157;;
381;3.45154;0.345082;53.006;0.182487;;
382;3.45153;0.344389;53.1016;0.182818;;
383;3.45154;0.343779;53.1971;0.183147;;
384;3.45156;0.343294;53.2925;0.183476;;
385;3.45154;0.342602;53.3877;0.183805;;
386;3.45156;0.341792;53.4826;0.184133;;
387;3.45159;0.341129;53.5774;0.18446;;
388;3.45155;0.340474;53.6719;0.184786;;
389;3.45159;0.339907;53.7664;0.185112;;
390;3.45156;0.339099;53.8605;0.185437;;
391;3.45156;0.338165;53.9545;0.185761;;
392;3.45156;0.336992;54.0481;0.186084;;
393;3.45151;0.336221;54.1415;0.186407;;
394;3.4515;0.335041;54.2346;0.186728;;
395;3.45151;0.334019;54.3273;0.187048;;
396;3.45148;0.333354;54.4199;0.187368;;
397;3.45149;0.333147;54.5125;0.187687;;
398;3.45148;0.33248;54.6048;0.188006;;
399;3.4515;0.331904;54.697;0.188324;;
400;3.45151;0.331329;54.7891;0.188642;;
401;3.4515;0.331169;54.8811;0.188959;;
402;3.45153;0.330786;54.9729;0.189276;;
403;3.45152;0.329906;55.0646;0.189593;;
404;3.45151;0.329149;55.156;0.189908;;
405;3.45152;0.328174;55.2472;0.190223;;
406;3.45151;0.327398;55.3381;0.190537;;
407;3.45149;0.326773;55.4289;0.19085;;
408;3.45151;0.32651;55.5196;0.191163;;
409;3.4515;0.326128;55.6102;0.191476;;
410;3.45152;0.325731;55.7007;0.191788;;
411;3.45152;0.325502;55.7911;0.1921;;
412;3.45153;0.32491;55.8813;0.192412;;
413;3.4515;0.32421;55.9714;0.192723;;
414;3.45155;0.323581;56.0613;0.193033;;
415;3.45154;0.322348;56.1508;0.193342;;
416;3.45153;0.321452;56.2401;0.19365;;
417;3.45149;0.320388;56.3291;0.193957;;
418;3.45149;0.319542;56.4179;0.194264;;
419;3.4515;0.319127;56.5065;0.19457;;
420;3.45149;0.318962;56.5951;0.194875;;
421;3.4515;0.318029;56.6834;0.19518;;
422;3.4515;0.317686;56.7717;0.195485;;
423;3.45151;0.317138;56.8598;0.195789;;
424;3.45149;0.316357;56.9477;0.196092;;
425;3.45152;0.315819;57.0354;0.196395;;
426;3.4515;0.315214;57.1229;0.196697;;
427;3.45149;0.314256;57.2102;0.196999;;
428;3.45147;0.31325;57.2973;0.197299;;
429;3.45147;0.312649;57.3841;0.197599;;
430;3.45148;0.312487;57.4709;0.197898;;
431;3.45147;0.311687;57.5575;0.198197;;
432;3.45146;0.311184;57.6439;0.198495;;
433;3.45147;0.31052;57.7302;0.198793;;
434;3.45143;0.309816;57.8162;0.19909;;
435;3.45145;0.309472;57.9022;0.199387;;
436;3.45147;0.309018;57.988;0.199683;;
437;3.45149;0.308397;58.0737;0.199979;;
438;3.45146;0.30806;58.1593;0.200274;;
439;3.45151;0.307706;58.2448;0.200569;;
440;3.45147;0.306796;58.33;0.200863;;
441;3.45147;0.306412;58.4151;0.201157;;
442;3.45148;0.306001;58.5001;0.20145;;
443;3.4515;0.305814;58.585;0.201744;;
444;3.4515;0.30541;58.6699;0.202036;;
445;3.45148;0.304454;58.7544;0.202328;;
446;3.45147;0.303945;58.8389;0.20262;;
447;3.45149;0.303545;58.9232;0.202911;;
448;3.4515;0.302984;59.0074;0.203201;;
449;3.4515;0.302445;59.0914;0.203491;;
450;3.45151;0.301669;59.1752;0.20378;;
451;3.4515;0.301502;59.2589;0.20407;;
452;3.4515;0.300358;59.3423;0.204357;;
453;3.45151;0.300036;59.4257;0.204645;;
454;3.45152;0.299586;59.5089;0.204932;;
455;3.45151;0.299269;59.592;0.205219;;
456;3.4515;0.298552;59.675;0.205506;;
457;3.45151;0.297899;59.7577;0.205791;;
458;3.4515;0.297889;59.8405;0.206077;;
459;3.45154;0.297559;59.9231;0.206362;;
460;3.45153;0.296775;60.0056;0.206647;;
461;3.45151;0.296263;60.0879;0.206931;;
462;3.45153;0.295789;60.17;0.207214;;
463;3.45153;0.294811;60.2519;0.207497;;
464;3.45151;0.293889;60.3335;0.207779;;
465;3.45151;0.293043;60.4149;0.20806;;
466;3.45149;0.292669;60.4962;0.20834;;
467;3.45145;0.291828;60.5773;0.20862;;
468;3.45149;0.29128;60.6582;0.208899;;
469;3.45145;0.290527;60.7389;0.209178;;
470;3.45149;0.290345;60.8196;0.209456;;
471;3.45149;0.289476;60.9;0.209734;;
472;3.45147;0.288796;60.9802;0.210011;;
473;3.45146;0.288946;61.0605;0.210288;;
474;3.45148;0.288169;61.1405;0.210564;;
475;3.45151;0.28798;61.2205;0.21084;;
476;3.4515;0.287912;61.3005;0.211116;;
477;3.45151;0.287398;61.3803;0.211392;;
478;3.45149;0.287337;61.4601;0.211667;;
479;3.45153;0.286378;61.5397;0.211942;;
480;3.45152;0.285731;61.619;0.212216;;
481;3.45151;0.284957;61.6982;0.212489;;
482;3.45149;0.284235;61.7772;0.212761;;
483;3.45151;0.283662;61.856;0.213033;;
484;3.45149;0.283317;61.9347;0.213305;;
485;3.45151;0.282578;62.0131;0.213576;;
486;3.45147;0.281943;62.0915;0.213846;;
487;3.45148;0.281494;62.1697;0.214116;;
488;3.45153;0.281354;62.2478;0.214386;;
489;3.45151;0.281091;62.3259;0.214655;;
490;3.45149;0.280024;62.4037;0.214924;;
491;3.4515;0.279061;62.4812;0.215191;;
492;3.45148;0.278562;62.5586;0.215458;;
493;3.45148;0.278349;62.6359;0.215725;;
494;3.45147;0.277474;62.713;0.215991;;
495;3.45149;0.277393;62.79;0.216257;;
496;3.4515;0.276989;62.867;0.216523;;
497;3.45152;0.277247;62.944;0.216789;;
498;3.4515;0.27631;63.0207;0.217053;;
499;3.45149;0.276101;63.0974;0.217318;;
500;3.45153;0.276011;63.1741;0.217583;;
501;3.45151;0.275253;63.2506;0.217847;;
502;3.4515;0.274416;63.3268;0.21811;;
503;3.4515;0.273969;63.4029;0.218372;;
504;3.4515;0.273262;63.4788;0.218634;;
505;3.45147;0.273094;63.5546;0.218896;;
506;3.4515;0.272871;63.6304;0.219158;;
507;3.45151;0.272333;63.7061;0.219419;;
508;3.4515;0.271342;63.7815;0.219679;;
509;3.45149;0.270647;63.8566;0.219939;;
510;3.4515;0.270328;63.9317;0.220198;;
511;3.45151;0.270193;64.0068;0.220457;;
512;3.45152;0.269706;64.0817;0.220715;;
513;3.4515;0.268932;64.1564;0.220973;;
514;3.45151;0.268555;64.231;0.221231;;
515;3.45148;0.267895;64.3054;0.221488;;
516;3.45149;0.267321;64.3797;0.221744;;
517;3.45147;0.266812;64.4538;0.222;;
518;3.45147;0.26614;64.5277;0.222255;;
519;3.45145;0.265787;64.6016;0.22251;;
520;3.45151;0.26515;64.6752;0.222764;;
521;3.45148;0.264558;64.7487;0.223017;;
522;3.45149;0.264064;64.822;0.223271;;
523;3.45148;0.263487;64.8952;0.223523;;
524;3.45149;0.263042;64.9683;0.223775;;
525;3.45148;0.263107;65.0414;0.224028;;
526;3.45148;0.26282;65.1144;0.22428;;
527;3.45149;0.262154;65.1872;0.224531;;
528;3.45149;0.262018;65.26;0.224782;;
529;3.45149;0.261655;65.3327;0.225033;;
530;3.45152;0.260961;65.4052;0.225283;;
531;3.45148;0.260544;65.4775;0.225533;;
532;3.45151;0.259708;65.5497;0.225782;;
533;3.45149;0.259079;65.6216;0.22603;;
534;3.45148;0.258714;65.6935;0.226279;;
535;3.45148;0.258175;65.7652;0.226526;;
536;3.45149;0.258139;65.8369;0.226774;;
537;3.45149;0.257857;65.9086;0.227021;;
538;3.45149;0.257637;65.9801;0.227268;;
539;3.4515;0.257269;66.0516;0.227514;;
540;3.45154;0.256726;66.1229;0.227761;;
541;3.45152;0.255935;66.194;0.228006;;
542;3.45148;0.255189;66.2649;0.228251;;
543;3.45148;0.254845;66.3357;0.228495;;
544;3.45149;0.254403;66.4063;0.228739;;
545;3.4515;0.253633;66.4768;0.228982;;
546;3.45152;0.254077;66.5474;0.229226;;
547;3.45151;0.253379;66.6178;0.229469;;
548;3.45149;0.252845;66.688;0.229711;;
549;3.45152;0.251929;66.758;0.229952;;
550;3.45149;0.2512;66.8277;0.230193;;
551;3.45151;0.250686;66.8974;0.230434;;
552;3.45148;0.250752;66.967;0.230674;;
553;3.45147;0.250312;67.0366;0.230914;;
554;3.4515;0.250185;67.1061;0.231154;;
555;3.45152;0.250112;67.1755;0.231394;;
556;3.45152;0.249525;67.2448;0.231633;;
557;3.45149;0.248418;67.3139;0.231871;;
558;3.45149;0.248328;67.3828;0.232109;;
559;3.45152;0.247868;67.4517;0.232347;;
560;3.45147;0.24761;67.5205;0.232584;;
561;3.45154;0.247278;67.5892;0.232821;;
562;3.45149;0.246554;67.6576;0.233058;;
563;3.45149;0.245841;67.7259;0.233293;;
564;3.45148;0.245311;67.7941;0.233529;;
565;3.4515;0.24512;67.8622;0.233764;;
566;3.45148;0.24497;67.9302;0.233998;;
567;3.45149;0.244053;67.998;0.234232;;
568;3.45148;0.243537;68.0657;0.234466;;
569;3.45144;0.242791;68.1331;0.234699;;
570;3.45146;0.242523;68.2005;0.234931;;
571;3.45146;0.242247;68.2678;0.235163;;
572;3.45148;0.241988;68.335;0.235395;;
573;3.45152;0.242008;68.4022;0.235628;;
574;3.45151;0.241619;68.4693;0.235859;;
575;3.45148;0.241132;68.5363;0.23609;;
576;3.45151;0.24056;68.6031;0.236321;;
577;3.45149;0.239998;68.6698;0.236551;;
578;3.45149;0.239969;68.7364;0.236781;;
579;3.45151;0.239312;68.8029;0.237011;;
580;3.45149;0.23882;68.8693;0.23724;;
581;3.45147;0.238382;68.9355;0.237468;;
582;3.45151;0.237758;69.0015;0.237696;;
583;3.45153;0.237372;69.0675;0.237924;;
584;3.45151;0.237522;69.1334;0.238151;;
585;3.45149;0.237441;69.1994;0.238379;;
586;3.45152;0.236865;69.2652;0.238606;;
587;3.4515;0.236724;69.3309;0.238833;;
588;3.45153;0.236473;69.3966;0.23906;;
589;3.45152;0.236267;69.4623;0.239286;;
590;3.45154;0.235534;69.5277;0.239512;;
591;3.45155;0.235055;69.593;0.239738;;
592;3.45151;0.234332;69.6581;0.239962;;
593;3.45147;0.233719;69.723;0.240186;;
594;3.4515;0.233296;69.7878;0.24041;;
595;3.4515;0.233091;69.8525;0.240633;;
596;3.45152;0.23334;69.9174;0.240857;;
597;3.45152;0.232458;69.9819;0.24108;;
598;3.45151;0.232127;70.0464;0.241303;;
599;3.45155;0.231725;70.1108;0.241525;;
600;3.45153;0.231298;70.175;0.241746;;
601;3.45152;0.230698;70.2391;0.241968;;
602;3.45151;0.230108;70.303;0.242188;;
603;3.45151;0.229771;70.3669;0.242409;;
604;3.4515;0.22963;70.4306;0.242629;;
605;3.45151;0.228914;70.4942;0.242848;;
606;3.45147;0.228323;70.5576;0.243067;;
607;3.4515;0.227975;70.621;0.243286;;
608;3.45152;0.227086;70.6841;0.243503;;
609;3.45149;0.226662;70.747;0.243721;;
610;3.45151;0.226095;70.8098;0.243937;;
611;3.45145;0.225771;70.8725;0.244154;;
612;3.45148;0.225577;70.9352;0.24437;;
613;3.45148;0.225345;70.9978;0.244586;;
614;3.4515;0.224942;71.0603;0.244802;;
615;3.4515;0.224478;71.1226;0.245017;;
616;3.45149;0.22437;71.185;0.245232;;
617;3.45149;0.224378;71.2473;0.245447;;
618;3.45152;0.224651;71.3097;0.245663;;
619;3.45155;0.224212;71.372;0.245878;;
620;3.45155;0.224274;71.4343;0.246093;;
621;3.45153;0.223858;71.4964;0.246307;;
622;3.45156;0.223449;71.5585;0.246522;;
623;3.45156;0.222859;71.6204;0.246735;;
624;3.45156;0.222318;71.6822;0.246948;;
625;3.45154;0.221771;71.7438;0.247161;;
626;3.45152;0.221135;71.8052;0.247373;;
627;3.4515;0.220908;71.8666;0.247585;;
628;3.45153;0.220293;71.9278;0.247796;;
629;3.4515;0.219722;71.9888;0.248007;;
630;3.45152;0.219463;72.0498;0.248217;;
631;3.45152;0.219072;72.1106;0.248427;;
632;3.4515;0.218408;72.1713;0.248637;;
633;3.45149;0.217848;72.2318;0.248845;;
634;3.45147;0.21748;72.2922;0.249054;;
635;3.45148;0.217222;72.3525;0.249262;;
636;3.45148;0.216802;72.4128;0.24947;;
637;3.45147;0.216387;72.4729;0.249678;;
638;3.45151;0.216344;72.533;0.249885;;
639;3.4515;0.21608;72.593;0.250092;;
640;3.4515;0.215725;72.6529;0.250299;;
641;3.45152;0.215068;72.7127;0.250505;;
642;3.45152;0.215084;72.7724;0.250711;;
643;3.45152;0.214844;72.8321;0.250917;;
644;3.45152;0.214287;72.8916;0.251123;;
645;3.45151;0.214086;72.9511;0.251328;;
646;3.4515;0.213953;73.0105;0.251533;;
647;3.45153;0.21392;73.0699;0.251738;;
648;3.45153;0.213458;73.1292;0.251943;;
649;3.45155;0.21312;73.1884;0.252147;;
650;3.45152;0.21248;73.2474;0.252351;;
651;3.45151;0.212237;73.3064;0.252554;;
652;3.45152;0.211569;73.3652;0.252757;;
653;3.45153;0.211102;73.4238;0.25296;;
654;3.45151;0.210539;73.4823;0.253162;;
655;3.45151;0.210503;73.5408;0.253363;;
656;3.4515;0.210283;73.5992;0.253565;;
657;3.45151;0.209794;73.6575;0.253766;;
658;3.4515;0.209424;73.7156;0.253967;;
659;3.4515;0.208285;73.7735;0.254167;;
660;3.45147;0.20807;73.8313;0.254366;;
661;3.45149;0.207658;73.889;0.254565;;
662;3.45151;0.207285;73.9465;0.254764;;
663;3.45152;0.207301;74.0041;0.254963;;
664;3.45149;0.207029;74.0616;0.255161;;
665;3.45148;0.2064;74.119;0.255359;;
666;3.4515;0.206152;74.1762;0.255557;;
667;3.4515;0.205927;74.2334;0.255754;;
668;3.4515;0.205765;74.2906;0.255951;;
669;3.45151;0.205565;74.3477;0.256148;;
670;3.45153;0.205484;74.4048;0.256345;;
671;3.45151;0.204829;74.4617;0.256542;;
672;3.4515;0.20449;74.5185;0.256738;;
673;3.45151;0.20452;74.5753;0.256934;;
674;3.45151;0.203214;74.6317;0.257129;;
675;3.4515;0.203087;74.6881;0.257324;;
676;3.45148;0.203093;74.7446;0.257518;;
677;3.45148;0.202724;74.8009;0.257713;;
678;3.45149;0.202718;74.8572;0.257907;;
679;3.45148;0.202243;74.9134;0.258101;;
680;3.4515;0.201985;74.9695;0.258295;;
681;3.4515;0.201393;75.0254;0.258488;;
682;3.45148;0.201227;75.0813;0.258681;;
683;3.45148;0.200512;75.137;0.258873;;
684;3.45149;0.199997;75.1926;0.259065;;
685;3.4515;0.199507;75.248;0.259256;;
686;3.45148;0.199157;75.3033;0.259447;;
687;3.45148;0.198825;75.3585;0.259637;;
688;3.45148;0.198724;75.4137;0.259828;;
689;3.45149;0.198841;75.469;0.260019;;
690;3.4515;0.19874;75.5242;0.260209;;
691;3.45151;0.198446;75.5793;0.260399;;
692;3.45146;0.197547;75.6342;0.260589;;
693;3.45148;0.197511;75.689;0.260778;;
694;3.45149;0.197253;75.7438;0.260967;;
695;3.45151;0.196904;75.7985;0.261156;;
696;3.45152;0.196587;75.8531;0.261344;;
697;3.45149;0.196368;75.9077;0.261533;;
698;3.45148;0.195823;75.9621;0.26172;;
699;3.45146;0.195463;76.0164;0.261908;;
700;3.4515;0.194988;76.0705;0.262095;;
701;3.45148;0.194565;76.1246;0.262281;;
702;3.45146;0.194126;76.1785;0.262467;;
703;3.45147;0.19444;76.2325;0.262654;;
704;3.45151;0.194196;76.2864;0.26284;;
705;3.4515;0.193992;76.3403;0.263026;;
706;3.45149;0.193515;76.3941;0.263212;;
707;3.45148;0.192568;76.4476;0.263396;;
708;3.45149;0.192636;76.5011;0.263581;;
709;3.45146;0.192488;76.5546;0.263765;;
710;3.45149;0.192692;76.6081;0.26395;;
711;3.45151;0.192532;76.6616;0.264135;;
712;3.45153;0.19217;76.7149;0.264319;;
713;3.45151;0.192065;76.7683;0.264503;;
714;3.45153;0.191607;76.8215;0.264687;;
715;3.45154;0.191349;76.8747;0.26487;;
716;3.45151;0.19077;76.9277;0.265053;;
717;3.45152;0.190315;76.9805;0.265236;;
718;3.4515;0.189997;77.0333;0.265418;;
719;3.45151;0.189787;77.086;0.2656;;
720;3.4515;0.189299;77.1386;0.265781;;
721;3.45151;0.189112;77.1911;0.265963;;
722;3.4515;0.188865;77.2436;0.266144;;
723;3.45152;0.188531;77.296;0.266324;;
724;3.45149;0.188246;77.3483;0.266505;;
725;3.4515;0.188062;77.4005;0.266685;;
726;3.45148;0.187489;77.4526;0.266865;;
727;3.45148;0.186601;77.5044;0.267044;;
728;3.45145;0.186148;77.5561;0.267222;;
729;3.45144;0.185922;77.6078;0.267401;;
730;3.45148;0.185852;77.6594;0.267579;;
731;3.45148;0.185818;77.711;0.267757;;
732;3.45148;0.185829;77.7626;0.267935;;
733;3.45152;0.185588;77.8142;0.268113;;
734;3.4515;0.18559;77.8657;0.268291;;
735;3.45151;0.185514;77.9173;0.268469;;
736;3.45151;0.184591;77.9685;0.268646;;
737;3.45149;0.184371;78.0198;0.268823;;
738;3.4515;0.184323;78.071;0.268999;;
739;3.4515;0.18411;78.1221;0.269176;;
740;3.45153;0.184041;78.1732;0.269352;;
741;3.45151;0.183689;78.2242;0.269528;;
742;3.4515;0.183473;78.2752;0.269704;;
743;3.45154;0.182713;78.326;0.269879;;
744;3.45151;0.182153;78.3766;0.270054;;
745;3.45148;0.181963;78.4271;0.270229;;
746;3.4515;0.181796;78.4776;0.270403;;
747;3.4515;0.181473;78.528;0.270577;;
748;3.45152;0.181734;78.5785;0.270751;;
749;3.45154;0.18183;78.629;0.270925;;
750;3.45155;0.181268;78.6794;0.271099;;
751;3.45155;0.180876;78.7296;0.271273;;
752;3.45153;0.180569;78.7798;0.271446;;
753;3.45154;0.179956;78.8297;0.271618;;
754;3.45154;0.179416;78.8796;0.27179;;
755;3.45151;0.179245;78.9294;0.271962;;
756;3.45151;0.178905;78.9791;0.272134;;
757;3.45153;0.178902;79.0288;0.272305;;
758;3.45153;0.178644;79.0784;0.272476;;
759;3.45154;0.178437;79.128;0.272648;;
760;3.45151;0.178162;79.1774;0.272818;;
761;3.45152;0.177807;79.2268;0.272989;;
762;3.45154;0.177816;79.2762;0.273159;;
763;3.45156;0.177337;79.3255;0.273329;;
764;3.45153;0.177321;79.3747;0.273499;;
765;3.45155;0.177007;79.4239;0.273669;;
766;3.45152;0.17618;79.4729;0.273838;;
767;3.45153;0.175543;79.5216;0.274006;;
768;3.4515;0.175489;79.5704;0.274175;;
769;3.4515;0.175026;79.619;0.274342;;
770;3.4515;0.174825;79.6675;0.27451;;
771;3.45151;0.174514;79.716;0.274677;;
772;3.45148;0.173695;79.7643;0.274844;;
773;3.45148;0.173335;79.8124;0.27501;;
774;3.45149;0.17317;79.8605;0.275176;;
775;3.45149;0.172901;79.9085;0.275342;;
776;3.45148;0.172461;79.9565;0.275507;;
777;3.45151;0.172358;80.0043;0.275672;;
778;3.4515;0.171804;80.0521;0.275837;;
779;3.45148;0.171621;80.0997;0.276002;;
780;3.45149;0.171509;80.1474;0.276166;;
781;3.45149;0.171364;80.195;0.27633;;
782;3.4515;0.17113;80.2425;0.276494;;
783;3.45153;0.171348;80.2901;0.276659;;
784;3.45154;0.1716;80.3378;0.276823;;
785;3.45156;0.171644;80.3854;0.276988;;
786;3.45156;0.171405;80.4331;0.277152;;
787;3.45155;0.170623;80.4805;0.277316;;
788;3.45155;0.17059;80.5278;0.277479;;
789;3.45155;0.170315;80.5751;0.277643;;
790;3.45158;0.170124;80.6224;0.277806;;
791;3.45156;0.170119;80.6697;0.277969;;
792;3.45159;0.16992;80.7169;0.278132;;
793;3.45155;0.169483;80.7639;0.278294;;
794;3.45157;0.169182;80.8109;0.278456;;
795;3.45157;0.168674;80.8578;0.278618;;
796;3.45154;0.16794;80.9044;0.278779;;
797;3.45154;0.167792;80.951;0.27894;;
798;3.45154;0.167647;80.9976;0.279101;;
799;3.45154;0.167397;81.0441;0.279261;;
800;3.45157;0.167056;81.0905;0.279421;;
801;3.45152;0.166455;81.1368;0.279581;;
802;3.45149;0.165917;81.1828;0.27974;;
803;3.45152;0.165881;81.2289;0.279899;;
804;3.45153;0.165905;81.275;0.280058;;
805;3.45154;0.165868;81.3211;0.280217;;
806;3.45153;0.165993;81.3672;0.280376;;
807;3.45156;0.16618;81.4134;0.280536;;
808;3.45155;0.165962;81.4595;0.280695;;
809;3.45157;0.165244;81.5054;0.280853;;
810;3.45155;0.164747;81.5511;0.281011;;
811;3.45157;0.164318;81.5968;0.281169;;
812;3.45152;0.164064;81.6423;0.281326;;
813;3.45153;0.163428;81.6877;0.281483;;
814;3.45151;0.162836;81.733;0.281639;;
815;3.45153;0.162863;81.7782;0.281795;;
816;3.45152;0.162811;81.8234;0.281951;;
817;3.45155;0.163008;81.8687;0.282107;;
818;3.45156;0.163102;81.914;0.282264;;
819;3.45156;0.162797;81.9592;0.28242;;
820;3.45155;0.162522;82.0044;0.282576;;
821;3.45156;0.162327;82.0495;0.282731;;
822;3.45157;0.161777;82.0944;0.282886;;
823;3.45155;0.161218;82.1392;0.283041;;
824;3.45154;0.160935;82.1839;0.283195;;
825;3.45151;0.160494;82.2285;0.283349;;
826;3.45152;0.159912;82.2729;0.283502;;
827;3.45153;0.159983;82.3173;0.283656;;
828;3.45157;0.160099;82.3618;0.283809;;
829;3.45152;0.159614;82.4061;0.283962;;
830;3.45153;0.159233;82.4504;0.284115;;
831;3.45155;0.159254;82.4946;0.284268;;
832;3.45152;0.158813;82.5387;0.28442;;
833;3.45152;0.158601;82.5828;0.284572;;
834;3.45154;0.158557;82.6268;0.284724;;
835;3.45154;0.158639;82.6709;0.284876;;
836;3.45153;0.158284;82.7149;0.285028;;
837;3.45155;0.157713;82.7587;0.285179;;
838;3.45152;0.157325;82.8024;0.28533;;
839;3.45151;0.156963;82.846;0.28548;;
840;3.45154;0.156829;82.8895;0.285631;;
841;3.45155;0.156302;82.933;0.285781;;
842;3.45148;0.155608;82.9762;0.28593;;
843;3.45149;0.155267;83.0193;0.286079;;
844;3.45149;0.15485;83.0623;0.286227;;
845;3.45149;0.154784;83.1053;0.286376;;
846;3.45146;0.154802;83.1483;0.286524;;
847;3.45151;0.154557;83.1913;0.286672;;
848;3.45151;0.15438;83.2341;0.28682;;
849;3.45149;0.154274;83.277;0.286968;;
850;3.45152;0.153852;83.3197;0.287116;;
851;3.45151;0.153783;83.3624;0.287263;;
852;3.45148;0.153498;83.4051;0.28741;;
853;3.45149;0.153545;83.4477;0.287557;;
854;3.45152;0.153508;83.4904;0.287705;;
855;3.45151;0.153326;83.533;0.287852;;
856;3.4515;0.153528;83.5756;0.287999;;
857;3.45154;0.152885;83.6181;0.288145;;
858;3.4515;0.152443;83.6604;0.288291;;
859;3.45155;0.152336;83.7027;0.288438;;
860;3.45151;0.15202;83.745;0.288583;;
861;3.45153;0.1525;83.7873;0.288729;;
862;3.45151;0.152102;83.8296;0.288875;;
863;3.45154;0.1516;83.8717;0.289021;;
864;3.45153;0.15087;83.9136;0.289165;;
865;3.45152;0.150223;83.9553;0.289309;;
866;3.45147;0.150055;83.997;0.289453;;
867;3.45152;0.14983;84.0386;0.289597;;
868;3.45148;0.149462;84.0801;0.28974;;
869;3.45146;0.149455;84.1217;0.289883;;
870;3.4515;0.149233;84.1631;0.290027;;
871;3.45148;0.149237;84.2046;0.29017;;
872;3.45149;0.149106;84.246;0.290313;;
873;3.45153;0.148569;84.2873;0.290455;;
874;3.45147;0.147773;84.3283;0.290597;;
875;3.45145;0.147403;84.3693;0.290738;;
876;3.45147;0.147211;84.4101;0.290879;;
877;3.45145;0.147398;84.4511;0.29102;;
878;3.45146;0.147166;84.492;0.291162;;
879;3.4515;0.146935;84.5328;0.291302;;
880;3.45147;0.146393;84.5734;0.291443;;
881;3.45144;0.146178;84.6141;0.291583;;
882;3.45147;0.146486;84.6547;0.291723;;
883;3.45148;0.147019;84.6956;0.291864;;
884;3.45152;0.147267;84.7365;0.292006;;
885;3.45153;0.146853;84.7773;0.292146;;
886;3.4515;0.146189;84.8179;0.292286;;
887;3.45149;0.145672;84.8584;0.292426;;
888;3.4515;0.145471;84.8988;0.292566;;
889;3.4515;0.145043;84.9391;0.292705;;
890;3.45151;0.144953;84.9793;0.292844;;
891;3.45149;0.145315;85.0197;0.292983;;
892;3.45152;0.144963;85.06;0.293122;;
893;3.45152;0.144567;85.1001;0.293261;;
894;3.4515;0.144132;85.1401;0.293399;;
895;3.45147;0.143528;85.18;0.293536;;
896;3.45149;0.143727;85.2199;0.293674;;
897;3.45154;0.143995;85.2599;0.293812;;
898;3.45153;0.1435;85.2998;0.29395;;
899;3.45151;0.143171;85.3396;0.294087;;
900;3.45148;0.14275;85.3792;0.294224;;
901;3.45149;0.142976;85.4189;0.294361;;
902;3.45152;0.142532;85.4585;0.294498;;
903;3.45151;0.142781;85.4982;0.294635;;
904;3.45155;0.142718;85.5378;0.294771;;
905;3.45152;0.142075;85.5773;0.294908;;
906;3.45152;0.141708;85.6167;0.295043;;
907;3.45152;0.141524;85.656;0.295179;;
908;3.45152;0.141565;85.6953;0.295315;;
909;3.45151;0.141231;85.7345;0.29545;;
910;3.45153;0.141083;85.7737;0.295586;;
911;3.45152;0.141105;85.8129;0.295721;;
912;3.45153;0.140974;85.8521;0.295856;;
913;3.45153;0.140296;85.891;0.29599;;
914;3.4515;0.139797;85.9299;0.296124;;
915;3.45154;0.139651;85.9687;0.296258;;
916;3.45152;0.139666;86.0075;0.296392;;
917;3.45153;0.13945;86.0462;0.296526;;
918;3.45151;0.138836;86.0848;0.296659;;
919;3.45151;0.138559;86.1233;0.296792;;
920;3.4515;0.138332;86.1617;0.296925;;
921;3.45148;0.138067;86.2;0.297057;;
922;3.45149;0.137336;86.2382;0.297189;;
923;3.45147;0.13716;86.2763;0.29732;;
924;3.45148;0.136832;86.3143;0.297451;;
925;3.4515;0.136813;86.3523;0.297582;;
926;3.4515;0.136861;86.3903;0.297714;;
927;3.45148;0.137009;86.4284;0.297845;;
928;3.45148;0.136832;86.4664;0.297976;;
929;3.45151;0.136699;86.5043;0.298107;;
930;3.45152;0.136289;86.5422;0.298238;;
931;3.45148;0.136289;86.5801;0.298369;;
932;3.45149;0.136194;86.6179;0.298499;;
933;3.4515;0.136362;86.6558;0.29863;;
934;3.45152;0.136253;86.6936;0.298761;;
935;3.4515;0.136084;86.7314;0.298891;;
936;3.45152;0.13567;86.7691;0.299021;;
937;3.45151;0.135359;86.8067;0.299151;;
938;3.45152;0.134585;86.8441;0.29928;;
939;3.45148;0.134364;86.8814;0.299409;;
940;3.45148;0.133966;86.9186;0.299537;;
941;3.45148;0.133922;86.9558;0.299666;;
942;3.4515;0.134166;86.9931;0.299794;;
943;3.45151;0.133911;87.0303;0.299923;;
944;3.4515;0.133453;87.0674;0.300051;;
945;3.4515;0.133466;87.1044;0.300179;;
946;3.45151;0.133371;87.1415;0.300306;;
947;3.45149;0.13325;87.1785;0.300434;;
948;3.45151;0.133161;87.2155;0.300562;;
949;3.4515;0.132715;87.2524;0.300689;;
950;3.45151;0.132392;87.2891;0.300816;;
951;3.45148;0.131776;87.3257;0.300942;;
952;3.45146;0.131508;87.3623;0.301068;;
953;3.45148;0.131634;87.3988;0.301195;;
954;3.4515;0.131432;87.4353;0.301321;;
955;3.45149;0.131361;87.4718;0.301447;;
956;3.45148;0.131175;87.5083;0.301572;;
957;3.45149;0.131255;87.5447;0.301698;;
958;3.45148;0.131254;87.5812;0.301824;;
959;3.4515;0.130878;87.6175;0.301949;;
960;3.45148;0.130292;87.6537;0.302074;;
961;3.45148;0.129909;87.6898;0.302199;;
962;3.45147;0.129539;87.7258;0.302323;;
963;3.45147;0.129194;87.7617;0.302447;;
964;3.45147;0.128954;87.7975;0.302571;;
965;3.45145;0.128872;87.8333;0.302694;;
966;3.45145;0.128649;87.869;0.302818;;
967;3.45145;0.128312;87.9047;0.302941;;
968;3.45148;0.128576;87.9404;0.303064;;
969;3.45147;0.128558;87.9761;0.303187;;
970;3.45149;0.128213;88.0117;0.30331;;
971;3.45145;0.128298;88.0474;0.303433;;
972;3.4515;0.128121;88.083;0.303556;;
973;3.45147;0.128023;88.1185;0.303679;;
974;3.45148;0.127772;88.154;0.303801;;
975;3.45149;0.127728;88.1895;0.303924;;
976;3.45151;0.127382;88.2249;0.304046;;
977;3.45147;0.127151;88.2602;0.304168;;
978;3.45149;0.127095;88.2955;0.304289;;
979;3.45147;0.127249;88.3308;0.304411;;
980;3.45147;0.1269;88.3661;0.304533;;
981;3.4515;0.126778;88.4013;0.304655;;
982;3.45149;0.126394;88.4364;0.304776;;
983;3.45148;0.126467;88.4716;0.304897;;
984;3.4515;0.126387;88.5067;0.305018;;
985;3.45151;0.126619;88.5418;0.30514;;
986;3.45151;0.126675;88.577;0.305261;;
987;3.45156;0.126697;88.6122;0.305383;;
988;3.45152;0.126384;88.6473;0.305504;;
989;3.45154;0.12649;88.6825;0.305625;;
990;3.45156;0.125656;88.7174;0.305745;;
991;3.45154;0.125913;88.7523;0.305866;;
992;3.45155;0.125719;88.7873;0.305987;;
993;3.45153;0.12591;88.8222;0.306107;;
994;3.45157;0.125824;88.8572;0.306228;;
995;3.45155;0.125211;88.892;0.306348;;
996;3.45154;0.125365;88.9268;0.306468;;
997;3.45155;0.125046;88.9615;0.306588;;
998;3.45154;0.124827;88.9962;0.306708;;
999;3.45155;0.124591;89.0308;0.306827;;
1000;3.45154;0.124313;89.0653;0.306947;;
1001;3.45155;0.124109;89.0998;0.307066;;
1002;3.45157;0.124187;89.1343;0.307185;;
1003;3.45155;0.124015;89.1688;0.307303;;
1004;3.45155;0.123934;89.2032;0.307422;;
1005;3.45158;0.123455;89.2375;0.307541;;
1006;3.45153;0.122935;89.2716;0.307659;;
1007;3.45155;0.122828;89.3057;0.307776;;
1008;3.45154;0.122603;89.3398;0.307894;;
1009;3.45154;0.122358;89.3738;0.308011;;
1010;3.45153;0.122173;89.4077;0.308128;;
1011;3.45153;0.121537;89.4415;0.308245;;
1012;3.45153;0.12114;89.4751;0.308361;;
1013;3.45151;0.120526;89.5086;0.308477;;
1014;3.45148;0.120314;89.542;0.308592;;
1015;3.45149;0.120169;89.5754;0.308707;;
1016;3.45149;0.120458;89.6089;0.308823;;
1017;3.4515;0.12058;89.6424;0.308938;;
1018;3.45154;0.120541;89.6759;0.309054;;
1019;3.45151;0.120106;89.7092;0.309169;;
1020;3.45153;0.119868;89.7425;0.309284;;
1021;3.45155;0.119975;89.7758;0.309399;;
1022;3.45149;0.119551;89.809;0.309513;;
1023;3.45151;0.11967;89.8423;0.309628;;
1024;3.45153;0.118898;89.8753;0.309742;;
1025;3.4515;0.118965;89.9084;0.309856;;
1026;3.45152;0.118792;89.9414;0.30997;;
1027;3.4515;0.118671;89.9743;0.310084;;
1028;3.45154;0.118702;90.0073;0.310198;;
1029;3.45152;0.118442;90.0402;0.310311;;
1030;3.45151;0.117935;90.073;0.310424;;
1031;3.4515;0.117771;90.1057;0.310537;;
1032;3.45154;0.117656;90.1384;0.31065;;
1033;3.45153;0.117606;90.171;0.310763;;
1034;3.45152;0.117499;90.2037;0.310875;;
1035;3.45148;0.11689;90.2361;0.310988;;
1036;3.45149;0.116686;90.2685;0.311099;;
1037;3.45151;0.117034;90.3011;0.311212;;
1038;3.45152;0.116409;90.3334;0.311323;;
1039;3.45148;0.116018;90.3656;0.311434;;
1040;3.45147;0.116052;90.3979;0.311546;;
1041;3.4515;0.115937;90.4301;0.311657;;
1042;3.45151;0.115303;90.4621;0.311767;;
1043;3.45149;0.115024;90.494;0.311878;;
1044;3.45148;0.11529;90.5261;0.311988;;
1045;3.45146;0.114724;90.5579;0.312098;;
1046;3.45146;0.11441;90.5897;0.312208;;
1047;3.45146;0.114054;90.6214;0.312317;;
1048;3.45148;0.11402;90.6531;0.312427;;
1049;3.45148;0.113925;90.6847;0.312536;;
1050;3.45145;0.113873;90.7163;0.312645;;
1051;3.45147;0.114011;90.748;0.312754;;
1052;3.4515;0.11425;90.7797;0.312864;;
1053;3.4515;0.114057;90.8114;0.312973;;
1054;3.45149;0.114159;90.8431;0.313083;;
1055;3.4515;0.114054;90.8748;0.313192;;
1056;3.45151;0.11388;90.9065;0.313301;;
1057;3.45148;0.113959;90.9381;0.31341;;
1058;3.45151;0.113751;90.9697;0.313519;;
1059;3.45151;0.113744;91.0013;0.313629;;
1060;3.45151;0.113275;91.0328;0.313737;;
1061;3.4515;0.112942;91.0641;0.313845;;
1062;3.45147;0.112596;91.0954;0.313953;;
1063;3.45149;0.112451;91.1267;0.314061;;
1064;3.45147;0.112092;91.1578;0.314169;;
1065;3.45148;0.111851;91.1889;0.314276;;
1066;3.4515;0.111842;91.2199;0.314383;;
1067;3.45149;0.111842;91.251;0.31449;;
1068;3.45149;0.111607;91.282;0.314597;;
1069;3.45149;0.111316;91.3129;0.314704;;
1070;3.45148;0.111083;91.3438;0.314811;;
1071;3.45149;0.111201;91.3747;0.314917;;
1072;3.4515;0.111061;91.4055;0.315024;;
1073;3.45151;0.110861;91.4363;0.31513;;
1074;3.4515;0.110747;91.4671;0.315236;;
1075;3.45148;0.110404;91.4977;0.315342;;
1076;3.45147;0.110444;91.5284;0.315448;;
1077;3.45149;0.110699;91.5592;0.315554;;
1078;3.45151;0.110891;91.59;0.31566;;
1079;3.45151;0.110634;91.6207;0.315766;;
1080;3.45151;0.11028;91.6513;0.315872;;
1081;3.45152;0.11047;91.682;0.315978;;
1082;3.4515;0.110459;91.7127;0.316084;;
1083;3.45152;0.109916;91.7432;0.316189;;
1084;3.45153;0.109985;91.7738;0.316295;;
1085;3.45155;0.110147;91.8044;0.3164;;
1086;3.45153;0.109855;91.8349;0.316506;;
1087;3.45153;0.109911;91.8654;0.316611;;
1088;3.45155;0.109323;91.8958;0.316716;;
1089;3.45147;0.108713;91.926;0.31682;;
1090;3.45151;0.108567;91.9562;0.316924;;
1091;3.45148;0.108095;91.9862;0.317028;;
1092;3.45147;0.10808;92.0162;0.317131;;
1093;3.45147;0.107525;92.0461;0.317235;;
1094;3.45148;0.107642;92.076;0.317338;;
1095;3.45148;0.107493;92.1058;0.317441;;
1096;3.45148;0.106849;92.1355;0.317543;;
1097;3.45145;0.106798;92.1652;0.317646;;
1098;3.45148;0.106868;92.1949;0.317748;;
1099;3.45148;0.106529;92.2245;0.31785;;
1100;3.45149;0.10699;92.2542;0.317953;;
1101;3.45146;0.106401;92.2837;0.318055;;
1102;3.45145;0.106286;92.3133;0.318157;;
1103;3.45148;0.10614;92.3427;0.318258;;
1104;3.45148;0.105762;92.3721;0.31836;;
1105;3.45145;0.105591;92.4014;0.318461;;
1106;3.45152;0.106289;92.431;0.318563;;
1107;3.45152;0.10594;92.4604;0.318665;;
1108;3.4515;0.105882;92.4898;0.318766;;
1109;3.45151;0.106046;92.5193;0.318868;;
1110;3.4515;0.10561;92.5486;0.318969;;
1111;3.45152;0.105495;92.5779;0.31907;;
1112;3.4515;0.105189;92.6071;0.319171;;
1113;3.45149;0.104995;92.6363;0.319272;;
1114;3.45147;0.104657;92.6654;0.319372;;
1115;3.45148;0.104643;92.6944;0.319472;;
1116;3.45149;0.104444;92.7234;0.319572;;
1117;3.45152;0.104249;92.7524;0.319672;;
1118;3.45145;0.10423;92.7814;0.319772;;
1119;3.45148;0.10394;92.8102;0.319872;;
1120;3.45149;0.103804;92.8391;0.319972;;
1121;3.45145;0.103505;92.8678;0.320071;;
1122;3.4515;0.103433;92.8965;0.32017;;
1123;3.45148;0.103325;92.9252;0.320269;;
1124;3.4515;0.103136;92.9539;0.320368;;
1125;3.45148;0.103089;92.9825;0.320467;;
1126;3.45147;0.103072;93.0112;0.320566;;
1127;3.4515;0.102856;93.0397;0.320664;;
1128;3.45147;0.103059;93.0684;0.320763;;
1129;3.45151;0.103152;93.097;0.320862;;
1130;3.45154;0.103408;93.1257;0.320961;;
1131;3.45152;0.10328;93.1544;0.32106;;
1132;3.45153;0.103264;93.1831;0.321159;;
1133;3.4515;0.102882;93.2117;0.321258;;
1134;3.4515;0.102615;93.2402;0.321356;;
1135;3.45149;0.102031;93.2685;0.321454;;
1136;3.45148;0.101783;93.2968;0.321551;;
1137;3.45148;0.101672;93.325;0.321649;;
1138;3.45147;0.101623;93.3533;0.321746;;
1139;3.45148;0.101353;93.3814;0.321844;;
1140;3.45148;0.101261;93.4096;0.321941;;
1141;3.45152;0.101765;93.4378;0.322038;;
1142;3.45151;0.10123;93.4659;0.322135;;
1143;3.45149;0.101449;93.4941;0.322233;;
1144;3.45149;0.101647;93.5224;0.32233;;
1145;3.45152;0.101768;93.5506;0.322428;;
1146;3.45153;0.101473;93.5788;0.322525;;
1147;3.45154;0.101202;93.6069;0.322622;;
1148;3.45149;0.100835;93.6349;0.322719;;
1149;3.45152;0.101074;93.663;0.322815;;
1150;3.4515;0.100416;93.6909;0.322912;;
1151;3.45151;0.100888;93.7189;0.323008;;
1152;3.45151;0.100512;93.7469;0.323105;;
1153;3.45152;0.10053;93.7748;0.323201;;
1154;3.45151;0.100358;93.8027;0.323297;;
1155;3.45151;0.10046;93.8306;0.323394;;
1156;3.45152;0.0997522;93.8583;0.323489;;
1157;3.4515;0.0993512;93.8859;0.323585;;
1158;3.45151;0.0990408;93.9134;0.32368;;
1159;3.45145;0.0990468;93.9409;0.323775;;
1160;3.45148;0.0987154;93.9683;0.323869;;
1161;3.45149;0.0985576;93.9957;0.323964;;
1162;3.45149;0.0987708;94.0231;0.324058;;
1163;3.45148;0.0985354;94.0505;0.324153;;
1164;3.45151;0.0981426;94.0778;0.324247;;
1165;3.45147;0.0984778;94.1051;0.324341;;
1166;3.45151;0.0986179;94.1325;0.324436;;
1167;3.45151;0.0981935;94.1598;0.32453;;
1168;3.45151;0.0981092;94.187;0.324624;;
1169;3.45153;0.0979294;94.2142;0.324718;;
1170;3.45151;0.0976258;94.2414;0.324812;;
1171;3.45148;0.097363;94.2684;0.324905;;
1172;3.4515;0.0974658;94.2955;0.324998;;
1173;3.45149;0.0967391;94.3223;0.325091;;
1174;3.45152;0.0965457;94.3492;0.325184;;
1175;3.45148;0.0964984;94.376;0.325276;;
1176;3.45149;0.0964918;94.4028;0.325369;;
1177;3.4515;0.0962832;94.4295;0.325461;;
1178;3.45147;0.0956496;94.4561;0.325553;;
1179;3.45147;0.0955652;94.4826;0.325644;;
1180;3.45146;0.0957236;94.5092;0.325736;;
1181;3.45146;0.0955322;94.5358;0.325828;;
1182;3.45146;0.0956108;94.5623;0.325919;;
1183;3.45146;0.0955207;94.5889;0.326011;;
1184;3.45148;0.095406;94.6154;0.326102;;
1185;3.45146;0.0952723;94.6418;0.326194;;
1186;3.45149;0.0954072;94.6683;0.326285;;
1187;3.45148;0.0953034;94.6948;0.326377;;
1188;3.45149;0.0951488;94.7212;0.326468;;
1189;3.45149;0.0951713;94.7477;0.326559;;
1190;3.45148;0.0952245;94.7741;0.32665;;
1191;3.45151;0.0952302;94.8006;0.326742;;
1192;3.45151;0.095691;94.8271;0.326833;;
1193;3.45151;0.0953735;94.8536;0.326925;;
1194;3.45152;0.0952188;94.8801;0.327016;;
1195;3.45154;0.0951985;94.9065;0.327107;;
1196;3.45151;0.0947369;94.9329;0.327198;;
1197;3.45152;0.0945406;94.9591;0.327289;;
1198;3.45152;0.0937821;94.9852;0.327379;;
1199;3.45151;0.0935661;95.0112;0.327469;;
1200;3.45149;0.0933033;95.0371;0.327558;;
1201;3.45149;0.0933158;95.063;0.327647;;
1202;3.45149;0.0935431;95.089;0.327737;;
1203;3.4515;0.0933701;95.1149;0.327827;;
1204;3.45149;0.0930507;95.1408;0.327916;;
1205;3.45146;0.093058;95.1666;0.328005;;
1206;3.4515;0.0930601;95.1925;0.328094;;
1207;3.4515;0.0929935;95.2183;0.328183;;
1208;3.4515;0.093158;95.2442;0.328273;;
1209;3.45148;0.0932249;95.2701;0.328362;;
1210;3.45149;0.0931659;95.2959;0.328451;;
1211;3.4515;0.0931299;95.3218;0.328541;;
1212;3.45154;0.0929549;95.3476;0.32863;;
1213;3.45153;0.0929953;95.3735;0.328719;;
1214;3.45155;0.0929439;95.3993;0.328808;;
1215;3.4515;0.0925751;95.425;0.328897;;
1216;3.45154;0.0925335;95.4507;0.328986;;
1217;3.45153;0.0923848;95.4764;0.329074;;
1218;3.45154;0.0922233;95.502;0.329163;;
1219;3.45154;0.0918095;95.5275;0.329251;;
1220;3.45153;0.0917662;95.553;0.329339;;
1221;3.45151;0.0916271;95.5784;0.329426;;
1222;3.45152;0.0914487;95.6038;0.329514;;
1223;3.45154;0.0911012;95.6291;0.329601;;
1224;3.45149;0.0906891;95.6543;0.329688;;
1225;3.4515;0.0904577;95.6795;0.329775;;
1226;3.45153;0.0905631;95.7046;0.329862;;
1227;3.4515;0.0900294;95.7296;0.329948;;
1228;3.45145;0.089601;95.7545;0.330034;;
1229;3.45148;0.0893805;95.7793;0.33012;;
1230;3.45149;0.0898473;95.8043;0.330206;;
1231;3.45149;0.0895042;95.8292;0.330292;;
1232;3.45151;0.0894284;95.854;0.330378;;
1233;3.45148;0.0894039;95.8788;0.330463;;
1234;3.45148;0.0893832;95.9037;0.330549;;
1235;3.45147;0.0897459;95.9286;0.330635;;
1236;3.45149;0.0894838;95.9534;0.330721;;
1237;3.45149;0.0890271;95.9782;0.330806;;
1238;3.45148;0.0886351;96.0028;0.330891;;
1239;3.45146;0.0883123;96.0273;0.330976;;
1240;3.45147;0.0883855;96.0519;0.331061;;
1241;3.45147;0.0883674;96.0764;0.331145;;
1242;3.45148;0.0887553;96.1011;0.33123;;
1243;3.45151;0.0887889;96.1257;0.331316;;
1244;3.45149;0.0890785;96.1505;0.331401;;
1245;3.45152;0.0891707;96.1753;0.331486;;
1246;3.45152;0.0887599;96.1999;0.331572;;
1247;3.45153;0.0883146;96.2244;0.331656;;
1248;3.45148;0.0879074;96.2489;0.33174;;
1249;3.45148;0.0878424;96.2733;0.331825;;
1250;3.45148;0.0879838;96.2977;0.331909;;
1251;3.45147;0.0879993;96.3221;0.331993;;
1252;3.45147;0.0881335;96.3466;0.332078;;
1253;3.45152;0.0883079;96.3712;0.332163;;
1254;3.45152;0.0882341;96.3957;0.332247;;
1255;3.45152;0.0875603;96.42;0.332331;;
1256;3.45152;0.0872187;96.4442;0.332415;;
1257;3.45148;0.0871278;96.4684;0.332498;;
1258;3.45149;0.0865372;96.4925;0.332581;;
1259;3.45148;0.0861512;96.5164;0.332664;;
1260;3.45147;0.0860628;96.5403;0.332746;;
1261;3.45145;0.0858317;96.5641;0.332829;;
1262;3.45147;0.0860011;96.588;0.332911;;
1263;3.45148;0.0864007;96.612;0.332994;;
1264;3.45147;0.0863021;96.636;0.333077;;
1265;3.45149;0.0866404;96.6601;0.33316;;
1266;3.45148;0.0865436;96.6841;0.333243;;
1267;3.45147;0.0864231;96.7081;0.333326;;
1268;3.4515;0.0868869;96.7322;0.333409;;
1269;3.45152;0.0866889;96.7563;0.333492;;
1270;3.45152;0.086369;96.7803;0.333575;;
1271;3.45148;0.0860346;96.8042;0.333657;;
1272;3.45149;0.0860698;96.8281;0.33374;;
1273;3.45151;0.0863422;96.8521;0.333823;;
1274;3.45152;0.08572;96.8759;0.333905;;
1275;3.4515;0.0859493;96.8998;0.333987;;
1276;3.45152;0.0860094;96.9237;0.33407;;
1277;3.45152;0.0860461;96.9476;0.334152;;
1278;3.45152;0.0860814;96.9715;0.334235;;
1279;3.45152;0.0857987;96.9953;0.334317;;
1280;3.45149;0.0850099;97.0189;0.334398;;
1281;3.45153;0.0851545;97.0426;0.33448;;
1282;3.45151;0.0848257;97.0662;0.334561;;
1283;3.4515;0.0847493;97.0897;0.334643;;
1284;3.4515;0.0843176;97.1131;0.334723;;
1285;3.4515;0.0845326;97.1366;0.334805;;
1286;3.45152;0.0845269;97.1601;0.334886;;
1287;3.45151;0.0843369;97.1835;0.334966;;
1288;3.45147;0.0841083;97.2069;0.335047;;
1289;3.45153;0.0840773;97.2302;0.335128;;
1290;3.45148;0.0838904;97.2535;0.335208;;
1291;3.45152;0.0841978;97.2769;0.335289;;
1292;3.45153;0.0840269;97.3003;0.335369;;
1293;3.45152;0.0838786;97.3236;0.33545;;
1294;3.45151;0.0836523;97.3468;0.33553;;
1295;3.4515;0.0837852;97.3701;0.33561;;
1296;3.45151;0.0835689;97.3933;0.33569;;
1297;3.45149;0.083267;97.4164;0.33577;;
1298;3.45149;0.0829996;97.4395;0.33585;;
1299;3.45147;0.0826287;97.4624;0.335929;;
1300;3.45148;0.0826788;97.4854;0.336008;;
1301;3.45151;0.0832097;97.5085;0.336088;;
1302;3.45149;0.0828408;97.5315;0.336168;;
1303;3.45153;0.0830143;97.5546;0.336247;;
1304;3.45151;0.0828917;97.5776;0.336327;;
1305;3.45152;0.0829752;97.6007;0.336406;;
1306;3.45151;0.0827101;97.6236;0.336485;;
1307;3.45153;0.082637;97.6466;0.336565;;
1308;3.45151;0.0821563;97.6694;0.336643;;
1309;3.45152;0.0819183;97.6922;0.336722;;
1310;3.45149;0.0817246;97.7149;0.3368;;
1311;3.45148;0.0814586;97.7375;0.336878;;
1312;3.45151;0.081368;97.7601;0.336956;;
1313;3.4515;0.0814393;97.7827;0.337035;;
1314;3.45148;0.0809389;97.8052;0.337112;;
1315;3.45149;0.0808934;97.8277;0.33719;;
1316;3.45151;0.081186;97.8502;0.337268;;
1317;3.45149;0.0810624;97.8727;0.337345;;
1318;3.45151;0.0808988;97.8952;0.337423;;
1319;3.45152;0.0810859;97.9177;0.337501;;
1320;3.45151;0.0806704;97.9401;0.337578;;
1321;3.45148;0.0803938;97.9625;0.337655;;
1322;3.45151;0.0804026;97.9848;0.337732;;
1323;3.45151;0.0805577;98.0072;0.337809;;
1324;3.4515;0.0804246;98.0295;0.337886;;
1325;3.45149;0.0805881;98.0519;0.337964;;
1326;3.45151;0.080688;98.0743;0.338041;;
1327;3.45152;0.0804231;98.0967;0.338118;;
1328;3.4515;0.0801636;98.1189;0.338195;;
1329;3.45152;0.0800677;98.1412;0.338272;;
1330;3.45151;0.0800501;98.1634;0.338349;;
1331;3.45151;0.0802607;98.1857;0.338425;;
1332;3.45152;0.0801425;98.208;0.338502;;
1333;3.4515;0.0797654;98.2301;0.338579;;
1334;3.45154;0.0798625;98.2523;0.338655;;
1335;3.45152;0.0799613;98.2745;0.338732;;
1336;3.45151;0.0801632;98.2968;0.338809;;
1337;3.45155;0.0800884;98.319;0.338886;;
1338;3.45151;0.0795419;98.3411;0.338962;;
1339;3.45152;0.0795337;98.3632;0.339038;;
1340;3.45154;0.0795256;98.3853;0.339114;;
1341;3.45151;0.0792893;98.4073;0.33919;;
1342;3.4515;0.0792291;98.4293;0.339266;;
1343;3.45152;0.0791236;98.4513;0.339342;;
1344;3.4515;0.0789363;98.4732;0.339418;;
1345;3.45152;0.078675;98.4951;0.339493;;
1346;3.45152;0.0783428;98.5169;0.339568;;
1347;3.45148;0.077719;98.5384;0.339643;;
1348;3.4515;0.0780716;98.5601;0.339718;;
1349;3.45151;0.0781717;98.5819;0.339793;;
1350;3.45152;0.0783359;98.6036;0.339868;;
1351;3.4515;0.0777767;98.6252;0.339942;;
1352;3.45149;0.0779066;98.6469;0.340017;;
1353;3.4515;0.0779861;98.6685;0.340092;;
1354;3.4515;0.0780155;98.6902;0.340167;;
1355;3.45153;0.0776436;98.7118;0.340241;;
1356;3.45152;0.077478;98.7333;0.340315;;
1357;3.45154;0.0779962;98.7549;0.34039;;
1358;3.45157;0.0782038;98.7767;0.340465;;
1359;3.45155;0.0780143;98.7983;0.34054;;
1360;3.45153;0.0780205;98.82;0.340615;;
1361;3.45153;0.0778975;98.8416;0.340689;;
1362;3.45154;0.077852;98.8633;0.340764;;
1363;3.45152;0.0772223;98.8847;0.340838;;
1364;3.45152;0.0773876;98.9062;0.340912;;
1365;3.45155;0.0773513;98.9277;0.340987;;
1366;3.45152;0.0770793;98.9491;0.34106;;
1367;3.45153;0.0768616;98.9705;0.341134;;
1368;3.45151;0.0762777;98.9917;0.341207;;
1369;3.45146;0.0761328;99.0128;0.34128;;
1370;3.45152;0.0763156;99.034;0.341353;;
1371;3.45154;0.0765355;99.0553;0.341427;;
1372;3.4515;0.0761589;99.0764;0.3415;;
1373;3.4515;0.0762592;99.0976;0.341573;;
1374;3.45151;0.0761516;99.1188;0.341646;;
1375;3.45153;0.0758986;99.1398;0.341719;;
1376;3.45149;0.0757172;99.1609;0.341791;;
1377;3.45147;0.075645;99.1819;0.341864;;
1378;3.4515;0.0751827;99.2028;0.341936;;
1379;3.45151;0.075129;99.2236;0.342008;;
1380;3.4515;0.0754195;99.2446;0.34208;;
1381;3.45149;0.0750759;99.2654;0.342152;;
1382;3.4515;0.0750212;99.2863;0.342224;;
1383;3.4515;0.0748415;99.3071;0.342296;;
1384;3.45152;0.074817;99.3279;0.342368;;
1385;3.45149;0.0750549;99.3487;0.34244;;
1386;3.45151;0.0747354;99.3695;0.342511;;
1387;3.45151;0.0747225;99.3902;0.342583;;
1388;3.45152;0.074578;99.4109;0.342654;;
1389;3.45148;0.0745812;99.4317;0.342726;;
1390;3.45152;0.0748442;99.4524;0.342798;;
1391;3.45152;0.0749117;99.4732;0.342869;;
1392;3.4515;0.0746533;99.494;0.342941;;
1393;3.45152;0.0745734;99.5147;0.343013;;
1394;3.45153;0.0743647;99.5354;0.343084;;
1395;3.45152;0.0742785;99.556;0.343155;;
1396;3.45152;0.0740151;99.5766;0.343226;;
1397;3.45153;0.0734561;99.597;0.343296;;
1398;3.4515;0.0739573;99.6175;0.343367;;
1399;3.45151;0.0737652;99.638;0.343438;;
1400;3.45152;0.073974;99.6585;0.343509;;
1401;3.45151;0.0740031;99.6791;0.34358;;
1402;3.45154;0.0741437;99.6997;0.343651;;
1403;3.45154;0.0741213;99.7203;0.343722;;
1404;3.45152;0.0739301;99.7408;0.343793;;
1405;3.45152;0.0737092;99.7613;0.343864;;
1406;3.45155;0.0740084;99.7818;0.343935;;
1407;3.4515;0.0736375;99.8023;0.344005;;
1408;3.45153;0.0731913;99.8226;0.344075;;
1409;3.45154;0.0732893;99.843;0.344146;;
1410;3.45153;0.0732247;99.8633;0.344216;;
1411;3.45154;0.0735418;99.8838;0.344286;;
1412;3.45151;0.073319;99.9041;0.344357;;
1413;3.45153;0.0728928;99.9244;0.344427;;
1414;3.45155;0.0727221;99.9446;0.344496;;
1415;3.45154;0.0728419;99.9648;0.344566;;
1416;3.45151;0.0726436;99.985;0.344636;;
1417;3.45153;0.0725637;100.005;0.344705;;
1418;3.45151;0.0725624;100.025;0.344775;;
1419;3.45152;0.0725014;100.045;0.344844;;
1420;3.45151;0.0725311;100.066;0.344914;;
1421;3.45151;0.0718327;100.086;0.344983;
