0;4.16307;0.00959018;0;0;;
2;4.16303;0.00959736;0.00533187;2.21967e-05;;
3;4.07606;0.999446;0.282956;0.00115381;;
4;4.07415;0.999367;0.560558;0.0022848;;
5;4.07295;0.999364;0.838159;0.00341546;;
6;4.07194;0.999362;1.11576;0.00454583;;
7;4.07099;0.999361;1.39336;0.00567594;;
8;4.07017;0.999365;1.67096;0.00680582;;
9;4.06936;0.999364;1.94856;0.00793548;;
10;4.06854;0.999361;2.22616;0.00906491;;
11;4.06779;0.99936;2.50376;0.0101941;;
12;4.06712;0.999359;2.78136;0.0113232;;
13;4.0665;0.999349;3.05896;0.012452;;
14;4.06587;0.999357;3.33656;0.0135807;;
15;4.06528;0.999349;3.61416;0.0147092;;
16;4.06469;0.999354;3.89175;0.0158375;;
17;4.06411;0.999352;4.16935;0.0169657;;
18;4.06357;0.999349;4.44695;0.0180938;;
19;4.063;0.999348;4.72454;0.0192216;;
20;4.06251;0.999346;5.00214;0.0203494;;
21;4.06195;0.999358;5.27974;0.021477;;
22;4.06149;0.999364;5.55734;0.0226045;;
23;4.061;0.999364;5.83494;0.0237318;;
24;4.06055;0.999367;6.11254;0.024859;;
25;4.06011;0.999365;6.39015;0.0259861;;
26;4.05968;0.999361;6.66775;0.0271131;;
27;4.05924;0.999358;6.94535;0.0282399;;
28;4.05883;0.999368;7.22295;0.0293667;;
29;4.05842;0.999362;7.50055;0.0304933;;
30;4.05801;0.99937;7.77815;0.0316198;;
31;4.05759;0.999376;8.05576;0.0327462;;
32;4.05721;0.999362;8.33336;0.0338725;;
33;4.05682;0.999374;8.61096;0.0349987;;
34;4.05643;0.999375;8.88856;0.0361247;;
35;4.05603;0.999372;9.16617;0.0372507;;
36;4.05567;0.999369;9.44377;0.0383766;;
37;4.05529;0.999357;9.72137;0.0395023;;
38;4.05496;0.999363;9.99897;0.040628;;
39;4.0546;0.999368;10.2766;0.0417535;;
40;4.05422;0.99937;10.5542;0.042879;;
41;4.0539;0.999366;10.8318;0.0440044;;
42;4.05354;0.99938;11.1094;0.0451297;;
43;4.05323;0.999365;11.387;0.0462548;;
44;4.05288;0.99937;11.6646;0.0473799;;
45;4.05255;0.999368;11.9422;0.0485049;;
46;4.05225;0.999371;12.2198;0.0496299;;
47;4.05193;0.999369;12.4974;0.0507547;;
48;4.05162;0.999376;12.775;0.0518794;;
49;4.05129;0.999373;13.0526;0.0530041;;
50;4.05098;0.999371;13.3302;0.0541286;;
51;4.0507;0.999378;13.6078;0.0552531;;
52;4.05042;0.999373;13.8854;0.0563775;;
53;4.05013;0.999362;14.163;0.0575019;;
54;4.04987;0.997857;14.4402;0.0586244;;
55;4.04986;0.994721;14.7165;0.0597434;;
56;4.04981;0.991657;14.992;0.060859;;
57;4.04986;0.988687;15.2666;0.0619712;;
58;4.04984;0.985656;15.5404;0.0630801;;
59;4.04983;0.982799;15.8134;0.0641857;;
60;4.04983;0.979873;16.0856;0.065288;;
61;4.04986;0.976981;16.357;0.066387;;
62;4.04985;0.974183;16.6276;0.067483;;
63;4.04983;0.971588;16.8975;0.0685759;;
64;4.04982;0.968861;17.1666;0.0696659;;
65;4.04983;0.966445;17.435;0.0707531;;
66;4.04983;0.963842;17.7028;0.0718373;;
67;4.04982;0.961124;17.9698;0.0729186;;
68;4.0498;0.958587;18.236;0.0739969;;
69;4.04983;0.95609;18.5016;0.0750725;;
70;4.04984;0.953658;18.7665;0.0761453;;
71;4.04987;0.951249;19.0308;0.0772154;;
72;4.04986;0.948758;19.2943;0.0782827;;
73;4.04982;0.94663;19.5572;0.0793476;;
74;4.04982;0.944301;19.8196;0.0804099;;
75;4.04984;0.942112;20.0813;0.0814698;;
76;4.04983;0.939855;20.3423;0.0825271;;
77;4.0498;0.937708;20.6028;0.0835819;;
78;4.04984;0.935469;20.8627;0.0846343;;
79;4.04983;0.933321;21.1219;0.0856842;;
80;4.04983;0.931003;21.3805;0.0867316;;
81;4.04981;0.928826;21.6385;0.0877765;;
82;4.04981;0.926744;21.896;0.088819;;
83;4.04981;0.92471;22.1528;0.0898592;;
84;4.04985;0.922674;22.4091;0.0908972;;
85;4.04984;0.920746;22.6649;0.091933;;
86;4.04982;0.91892;22.9201;0.0929667;;
87;4.04983;0.916921;23.1748;0.0939982;;
88;4.04983;0.914974;23.429;0.0950275;;
89;4.04983;0.913078;23.6826;0.0960547;;
90;4.04981;0.911299;23.9358;0.0970799;;
91;4.04977;0.909415;24.1884;0.0981029;;
92;4.04981;0.907452;24.4405;0.0991237;;
93;4.04983;0.905431;24.692;0.100142;;
94;4.04982;0.903588;24.943;0.101159;;
95;4.04982;0.901766;25.1934;0.102173;;
96;4.0498;0.899969;25.4434;0.103186;
0;0.0083909;0;0.00773902;0;0.00766176;0;4.14631;0.00955704;0;0;;
2;4.14633;0.00956263;0.00531257;2.20277e-05;;
3;4.05971;0.999441;0.282935;0.00114909;;
4;4.05781;0.999393;0.560544;0.00227558;;
5;4.0566;0.999371;0.838147;0.0034017;;
6;4.0556;0.99938;1.11575;0.00452756;;
7;4.05471;0.999372;1.39336;0.00565316;;
8;4.05386;0.999371;1.67096;0.00677853;;
9;4.05309;0.999362;1.94856;0.00790367;;
10;4.05235;0.999374;2.22616;0.00902861;;
11;4.05168;0.999356;2.50376;0.0101534;;
12;4.05102;0.999361;2.78136;0.0112779;;
13;4.05042;0.999362;3.05896;0.0124023;;
14;4.0498;0.999361;3.33656;0.0135265;
0;4.14113;0.00954289;0;0;;
2;4.14125;0.00955028;0.00530571;2.19723e-05;;
3;4.05991;0;4.14172;0.00954913;0;0;;
2;4.14183;0.00955124;0.00530624;2.19776e-05;;
3;4.21216;0.780323;0.222063;0.00093499;
0;4.14354;0.00954296;0;0;;
2;4.14353;0.00955633;0.00530907;2.19983e-05;;
3;4.20218;0.648428;0.185428;0.00077889;;
4;4.20214;0.637345;0.362468;0.00152284;;
5;4.20214;0.629105;0.53722;0.00225717;;
6;4.20216;0.622422;0.710115;0.0029837;;
7;4.20213;0.61605;0.88124;0.00370279;;
8;4.20217;0.610329;1.05078;0.00441521;;
9;4.20212;0.604749;1.21876;0.00512111;;
10;4.20216;0.600193;1.38548;0.00582169;;
11;4.20216;0.595697;1.55095;0.00651703;;
12;4.20214;0.591366;1.71522;0.00720731;;
13;4.20215;0.587299;1.87836;0.00789284;;
14;4.20215;0.583043;2.04032;0.0085734;;
15;4.20218;0.578832;2.2011;0.00924906;;
16;4.20212;0.575064;2.36084;0.00992031;;
17;4.20214;0.571777;2.51967;0.0105877;;
18;4.20216;0.568123;2.67748;0.0112509;;
19;4.20216;0.564751;2.83436;0.0119101;;
20;4.20213;0.561605;2.99036;0.0125656;;
21;4.20211;0.558752;3.14557;0.0132178;;
22;4.20216;0.555577;3.29989;0.0138663;;
23;4.20215;0.552444;3.45335;0.0145112;;
24;4.20214;0.549437;3.60597;0.0151525;;
25;4.2021;0.546555;3.75779;0.0157905;;
26;4.20212;0.543985;3.9089;0.0164255;;
27;4.20216;0.541494;4.05932;0.0170575;;
28;4.20215;0.538697;4.20895;0.0176863;;
29;4.20214;0.536162;4.35789;0.0183122;;
30;4.20214;0.53378;4.50616;0.0189352;;
31;4.20214;0.531585;4.65382;0.0195557;;
32;4.20215;0.529043;4.80078;0.0201733;;
33;4.20214;0.526841;4.94712;0.0207882;;
34;4.20214;0.524713;5.09288;0.0214007;;
35;4.20215;0.522472;5.23801;0.0220106;;
36;4.20211;0.520153;5.38249;0.0226177;;
37;4.20213;0.518015;5.52639;0.0232224;;
38;4.2021;0.516081;5.66974;0.0238248;;
39;4.20212;0.514118;5.81255;0.0244249;;
40;4.20213;0.511959;5.95476;0.0250225;;
41;4.20212;0.510171;6.09648;0.025618;;
42;4.20211;0.508191;6.23764;0.0262111;;
43;4.2021;0.506235;6.37826;0.026802;;
44;4.20211;0.504538;6.51841;0.027391;;
45;4.20211;0.502803;6.65808;0.0279779;;
46;4.20211;0.501152;6.79729;0.0285628;;
47;4.20213;0.49952;6.93605;0.0291459;;
48;4.20215;0.497832;7.07433;0.029727;;
49;4.20214;0.496021;7.21212;0.030306;;
50;4.2021;0.494341;7.34943;0.030883;;
51;4.20213;0.492595;7.48626;0.031458;;
52;4.20217;0.491065;7.62267;0.0320312;;
53;4.20216;0.489531;7.75865;0.0326026;;
54;4.20216;0.487913;7.89418;0.0331721;;
55;4.20211;0.48622;8.02924;0.0337397;;
56;4.20211;0.484676;8.16388;0.0343054;;
57;4.20214;0.483332;8.29814;0.0348696;;
58;4.20212;0.481929;8.43201;0.0354321;;
59;4.20212;0.48061;8.56551;0.0359931;;
60;4.20215;0.479071;8.69858;0.0365523;;
61;4.20214;0.477438;8.8312;0.0371096;;
62;4.20212;0.476115;8.96346;0.0376654;;
63;4.20213;0.474822;9.09535;0.0382196;;
64;4.20213;0.473541;9.22689;0.0387724;;
65;4.20215;0.472212;9.35806;0.0393236;;
66;4.20213;0.470845;9.48885;0.0398732;;
67;4.20214;0.469449;9.61926;0.0404211;;
68;4.20214;0.468026;9.74926;0.0409674;;
69;4.20213;0.466574;9.87887;0.041512;;
70;4.20212;0.465088;10.0081;0.0420549;;
71;4.20209;0.463874;10.1369;0.0425964;;
72;4.20211;0.462653;10.2654;0.0431364;;
73;4.20212;0.461542;10.3936;0.0436751;;
74;4.20214;0.46046;10.5215;0.0442126;;
75;4.20215;0.459253;10.6491;0.0447487;;
76;4.20214;0.457873;10.7763;0.0452831;;
77;4.20212;0.456473;10.9031;0.045816;;
78;4.20215;0.455508;11.0296;0.0463477;;
79;4.20213;0.454407;11.1558;0.0468781;;
80;4.20215;0.453247;11.2817;0.0474071;;
81;4.20211;0.451889;11.4073;0.0479346;;
82;4.20211;0.450579;11.5324;0.0484605;;
83;4.2021;0.449584;11.6573;0.0489853;;
84;4.20215;0.448753;11.782;0.0495091;;
85;4.20214;0.447507;11.9063;0.0500315;;
86;4.20211;0.446299;12.0303;0.0505524;;
87;4.20214;0.445404;12.154;0.0510723;;
88;4.20214;0.444044;12.2773;0.0515907;;
89;4.20213;0.442886;12.4003;0.0521076;;
90;4.20213;0.44166;12.523;0.0526231;;
91;4.20214;0.440651;12.6454;0.0531375;;
92;4.20215;0.439787;12.7676;0.0536508;;
93;4.20214;0.438777;12.8895;0.054163;;
94;4.20215;0.437729;13.0111;0.054674;;
95;4.20213;0.436593;13.1323;0.0551836;;
96;4.20218;0.435638;13.2534;0.0556921;;
97;4.20215;0.434505;13.3741;0.0561993;;
98;4.20215;0.433344;13.4944;0.0567051;;
99;4.20214;0.432318;13.6145;0.0572097;;
100;4.20214;0.43122;13.7343;0.0577131;;
101;4.20216;0.429985;13.8537;0.058215;;
102;4.20215;0.429091;13.9729;0.0587158;;
103;4.20214;0.427939;14.0918;0.0592154;;
104;4.20215;0.426806;14.2104;0.0597136;;
105;4.20212;0.425915;14.3287;0.0602107;;
106;4.20216;0.424989;14.4467;0.0607068;;
107;4.20216;0.424132;14.5645;0.0612019;;
108;4.20216;0.423125;14.6821;0.0616958;;
109;4.20213;0.4219;14.7993;0.0621882;;
110;4.20212;0.420955;14.9162;0.0626796;;
111;4.20211;0.420089;15.0329;0.0631699;;
112;4.20215;0.419227;15.1493;0.0636593;;
113;4.20214;0.418272;15.2655;0.0641475;;
114;4.20213;0.417303;15.3814;0.0646346;;
115;4.20215;0.416536;15.4971;0.0651208;;
116;4.20216;0.415664;15.6126;0.065606;;
117;4.20217;0.414732;15.7278;0.0660901;;
118;4.20213;0.413681;15.8427;0.066573;;
119;4.20214;0.412795;15.9574;0.0670548;;
120;4.20216;0.411853;16.0718;0.0675356;;
121;4.20215;0.410893;16.1859;0.0680152;;
122;4.20214;0.409898;16.2998;0.0684936;;
123;4.20213;0.409031;16.4134;0.0689711;;
124;4.20217;0.408294;16.5268;0.0694477;;
125;4.20218;0.40744;16.64;0.0699233;;
126;4.20214;0.406377;16.7529;0.0703976;;
127;4.20217;0.405636;16.8656;0.0708711;;
128;4.20217;0.404651;16.978;0.0713434;;
129;4.20215;0.403709;17.0901;0.0718147;;
130;4.20217;0.402795;17.202;0.0722849;;
131;4.20212;0.401719;17.3136;0.0727538;;
132;4.20214;0.400841;17.4249;0.0732216;;
133;4.20213;0.400077;17.5361;0.0736886;;
134;4.20216;0.399293;17.647;0.0741547;;
135;4.20213;0.398503;17.7577;0.0746199;;
136;4.20214;0.397498;17.8681;0.0750839;;
137;4.20213;0.396506;17.9782;0.0755467;;
138;4.20213;0.3959;18.0882;0.0760088;;
139;4.20215;0.395141;18.198;0.07647;;
140;4.20216;0.394278;18.3075;0.0769303;;
141;4.20218;0.393298;18.4167;0.0773894;;
142;4.20211;0.392311;18.5257;0.0778473;;
143;4.20215;0.391485;18.6345;0.0783042;;
144;4.20216;0.390593;18.743;0.0787602;;
145;4.20213;0.389768;18.8512;0.0792151;;
146;4.20213;0.388865;18.9592;0.079669;;
147;4.20212;0.387979;19.067;0.0801219;;
148;4.20213;0.387329;19.1746;0.080574;;
149;4.20212;0.386626;19.282;0.0810253;;
150;4.20215;0.385974;19.3892;0.0814758;;
151;4.20215;0.385218;19.4962;0.0819255;;
152;4.20217;0.384444;19.603;0.0823742;;
153;4.20212;0.383576;19.7096;0.082822;;
154;4.20216;0.382807;19.8159;0.0832688;;
155;4.20216;0.381918;19.922;0.0837146;;
156;4.20217;0.381101;20.0278;0.0841595;;
157;4.20215;0.38036;20.1335;0.0846034;;
158;4.20215;0.379515;20.2389;0.0850464;;
159;4.20216;0.3786;20.3441;0.0854884;;
160;4.20214;0.377926;20.4491;0.0859295;;
161;4.20213;0.376875;20.5538;0.0863694;;
162;4.20213;0.375946;20.6582;0.0868082;;
163;4.20213;0.375048;20.7624;0.087246;;
164;4.20208;0.373989;20.8662;0.0876826;;
165;4.20209;0.373497;20.97;0.0881185;;
166;4.20209;0.372558;21.0735;0.0885534;;
167;4.20208;0.371873;21.1768;0.0889875;;
168;4.20211;0.371279;21.2799;0.0894208;;
169;4.20212;0.370641;21.3829;0.0898535;;
170;4.2021;0.369922;21.4856;0.0902853;;
171;4.20214;0.369188;21.5882;0.0907162;;
172;4.20215;0.368393;21.6905;0.0911462;;
173;4.20214;0.367637;21.7926;0.0915753;;
174;4.20214;0.366764;21.8945;0.0920034;;
175;4.20209;0.365876;21.9961;0.0924305;;
176;4.20211;0.364995;22.0975;0.0928565;;
177;4.20211;0.36429;22.1987;0.0932818;;
178;4.2021;0.363473;22.2997;0.093706;;
179;4.2021;0.362543;22.4004;0.0941292;;
180;4.20211;0.36194;22.5009;0.0945517;;
181;4.20212;0.361294;22.6013;0.0949734;;
182;4.20211;0.360427;22.7014;0.0953941;;
183;4.20212;0.359739;22.8013;0.095814;;
184;4.20211;0.359072;22.9011;0.0962332;;
185;4.20211;0.358415;23.0006;0.0966515;;
186;4.20212;0.357956;23.1001;0.0970693;;
187;4.20215;0.357352;23.1993;0.0974865;;
188;4.20215;0.356657;23.2984;0.0979028;;
189;4.20217;0.35606;23.3973;0.0983184;;
190;4.20214;0.355332;23.496;0.0987332;;
191;4.20217;0.354492;23.5945;0.0991469;;
192;4.20212;0.353764;23.6928;0.0995599;;
193;4.20216;0.352902;23.7908;0.0999718;;
194;4.20214;0.352256;23.8886;0.100383;;
195;4.20215;0.351546;23.9863;0.100793;;
196;4.20215;0.350913;24.0838;0.101203;;
197;4.20216;0.350261;24.1811;0.101612;;
198;4.20216;0.349338;24.2781;0.10202;;
199;4.20213;0.348225;24.3748;0.102426;;
200;4.20211;0.347649;24.4714;0.102832;;
201;4.20213;0.346903;24.5678;0.103237;;
202;4.20215;0.346208;24.6639;0.103641;;
203;4.20211;0.345399;24.7599;0.104044;;
204;4.20212;0.344583;24.8556;0.104446;;
205;4.2021;0.343958;24.9511;0.104848;;
206;4.20213;0.343328;25.0465;0.105248;;
207;4.20211;0.342709;25.1417;0.105649;;
208;4.20212;0.341769;25.2366;0.106047;;
209;4.2021;0.341164;25.3314;0.106446;;
210;4.20211;0.340552;25.426;0.106843;;
211;4.20213;0.339906;25.5204;0.10724;;
212;4.20211;0.339298;25.6147;0.107636;;
213;4.20212;0.338809;25.7088;0.108031;;
214;4.20213;0.33809;25.8027;0.108426;;
215;4.20212;0.337376;25.8964;0.10882;;
216;4.20212;0.33652;25.9899;0.109213;;
217;4.20209;0.335881;26.0832;0.109605;;
218;4.20208;0.335067;26.1763;0.109996;;
219;4.20212;0.334261;26.2691;0.110386;;
220;4.20211;0.333663;26.3618;0.110776;;
221;4.20211;0.333136;26.4543;0.111164;;
222;4.20211;0.332518;26.5467;0.111552;;
223;4.2021;0.332016;26.6389;0.11194;;
224;4.20212;0.331441;26.731;0.112327;;
225;4.20212;0.330544;26.8228;0.112713;;
226;4.20212;0.330086;26.9145;0.113098;;
227;4.20212;0.329405;27.006;0.113483;;
228;4.20215;0.32894;27.0974;0.113866;;
229;4.20213;0.328308;27.1886;0.11425;;
230;4.20214;0.327675;27.2796;0.114632;;
231;4.20214;0.326954;27.3704;0.115014;;
232;4.20215;0.326297;27.461;0.115395;;
233;4.20213;0.32567;27.5515;0.115775;;
234;4.20211;0.324739;27.6417;0.116154;;
235;4.20208;0.323999;27.7317;0.116532;;
236;4.20209;0.32343;27.8216;0.11691;;
237;4.20208;0.322675;27.9112;0.117286;;
238;4.20206;0.322038;28.0006;0.117662;;
239;4.20208;0.321404;28.0899;0.118037;;
240;4.20207;0.320763;28.179;0.118412;;
241;4.20207;0.320246;28.268;0.118786;;
242;4.20209;0.319894;28.3568;0.119159;;
243;4.20212;0.319219;28.4455;0.119532;;
244;4.2021;0.318648;28.534;0.119903;;
245;4.2021;0.318166;28.6224;0.120275;;
246;4.20212;0.317558;28.7106;0.120646;;
247;4.2021;0.317068;28.7987;0.121016;;
248;4.20213;0.316472;28.8866;0.121385;;
249;4.20213;0.316035;28.9744;0.121754;;
250;4.20214;0.315295;29.062;0.122122;;
251;4.20213;0.314642;29.1494;0.122489;;
252;4.20211;0.314014;29.2366;0.122856;;
253;4.2021;0.31338;29.3236;0.123222;;
254;4.20209;0.312882;29.4106;0.123587;;
255;4.20213;0.312429;29.4973;0.123951;;
256;4.20214;0.311829;29.584;0.124315;;
257;4.20213;0.311216;29.6704;0.124679;;
258;4.20214;0.310753;29.7567;0.125041;;
259;4.20213;0.310226;29.8429;0.125404;;
260;4.20215;0.309448;29.9289;0.125765;;
261;4.2021;0.308748;30.0146;0.126125;;
262;4.2021;0.307993;30.1002;0.126485;;
263;4.20209;0.307441;30.1856;0.126843;;
264;4.20209;0.306793;30.2708;0.127202;;
265;4.2021;0.306162;30.3558;0.127559;;
266;4.20211;0.305641;30.4407;0.127916;;
267;4.20212;0.305225;30.5255;0.128272;;
268;4.20212;0.30458;30.6101;0.128628;;
269;4.20214;0.304092;30.6946;0.128982;;
270;4.20213;0.303634;30.7789;0.129337;;
271;4.20216;0.303135;30.8632;0.129691;;
272;4.20212;0.302699;30.9472;0.130044;;
273;4.20213;0.302159;31.0312;0.130397;;
274;4.20217;0.301308;31.1149;0.130748;;
275;4.20212;0.300606;31.1984;0.131099;;
276;4.20216;0.300144;31.2817;0.13145;;
277;4.20215;0.299585;31.365;0.131799;;
278;4.20215;0.299263;31.4481;0.132149;;
279;4.20214;0.298627;31.531;0.132497;;
280;4.20215;0.298107;31.6138;0.132845;;
281;4.2021;0.297455;31.6965;0.133192;;
282;4.20214;0.296917;31.779;0.133539;;
283;4.20214;0.296201;31.8612;0.133885;;
284;4.20212;0.295789;31.9434;0.13423;;
285;4.20212;0.295336;32.0254;0.134575;;
286;4.20211;0.294735;32.1073;0.134919;;
287;4.20213;0.293991;32.189;0.135262;;
288;4.20211;0.293357;32.2705;0.135604;;
289;4.20211;0.292721;32.3518;0.135946;;
290;4.20213;0.292136;32.4329;0.136287;;
291;4.2021;0.2917;32.5139;0.136628;;
292;4.20213;0.291454;32.5949;0.136968;;
293;4.20213;0.290811;32.6757;0.137307;;
294;4.20216;0.29038;32.7563;0.137646;;
295;4.20213;0.289748;32.8368;0.137984;;
296;4.2021;0.289132;32.9171;0.138322;;
297;4.2021;0.288695;32.9973;0.138659;;
298;4.20213;0.288179;33.0774;0.138995;;
299;4.20214;0.287561;33.1573;0.139331;;
300;4.20211;0.286905;33.237;0.139666;;
301;4.20211;0.286564;33.3166;0.14;;
302;4.20212;0.286019;33.396;0.140334;;
303;4.20211;0.285498;33.4753;0.140667;;
304;4.20206;0.284688;33.5544;0.141;;
305;4.2021;0.284043;33.6333;0.141331;;
306;4.20208;0.283611;33.7121;0.141662;;
307;4.2021;0.283188;33.7907;0.141993;;
308;4.20213;0.282901;33.8693;0.142323;;
309;4.20208;0.282362;33.9478;0.142653;;
310;4.2021;0.281816;34.026;0.142982;;
311;4.20211;0.281265;34.1042;0.14331;;
312;4.2021;0.280659;34.1821;0.143637;;
313;4.20211;0.280204;34.26;0.143965;;
314;4.2021;0.279361;34.3376;0.144291;;
315;4.2021;0.27883;34.415;0.144616;;
316;4.20208;0.278291;34.4923;0.144941;;
317;4.20209;0.277661;34.5694;0.145265;;
318;4.20211;0.277114;34.6464;0.145588;;
319;4.20211;0.276719;34.7233;0.145911;;
320;4.2021;0.276;34.8;0.146234;;
321;4.20211;0.275613;34.8765;0.146555;;
322;4.20209;0.275131;34.9529;0.146877;;
323;4.20209;0.274615;35.0292;0.147197;;
324;4.20212;0.274211;35.1054;0.147517;;
325;4.20209;0.273678;35.1814;0.147837;;
326;4.20208;0.273006;35.2573;0.148155;;
327;4.20209;0.272649;35.333;0.148473;;
328;4.2021;0.272231;35.4086;0.148791;;
329;4.20212;0.271985;35.4842;0.149109;;
330;4.20212;0.271256;35.5595;0.149425;;
331;4.20209;0.270732;35.6347;0.149741;;
332;4.20208;0.270222;35.7098;0.150057;;
333;4.20206;0.269416;35.7846;0.150371;;
334;4.20208;0.268943;35.8593;0.150685;;
335;4.20208;0.268523;35.9339;0.150999;;
336;4.2021;0.268024;36.0084;0.151311;;
337;4.20208;0.267553;36.0827;0.151624;;
338;4.20209;0.266978;36.1568;0.151935;;
339;4.20208;0.26647;36.2309;0.152246;;
340;4.20209;0.266034;36.3048;0.152557;;
341;4.20209;0.265481;36.3785;0.152867;;
342;4.20209;0.264935;36.4521;0.153176;;
343;4.2021;0.264618;36.5256;0.153485;;
344;4.20211;0.264209;36.599;0.153793;;
345;4.20209;0.263811;36.6723;0.154101;;
346;4.20216;0.263455;36.7455;0.154409;;
347;4.20213;0.263064;36.8185;0.154716;;
348;4.20212;0.262503;36.8914;0.155022;;
349;4.20211;0.262039;36.9642;0.155328;;
350;4.20211;0.261484;37.0369;0.155633;;
351;4.20212;0.260807;37.1093;0.155938;;
352;4.20211;0.260431;37.1817;0.156242;;
353;4.20208;0.260028;37.2539;0.156545;;
354;4.20211;0.259671;37.326;0.156848;;
355;4.20213;0.259082;37.398;0.157151;;
356;4.20213;0.258602;37.4698;0.157453;;
357;4.20211;0.258136;37.5415;0.157754;;
358;4.20211;0.257896;37.6132;0.158055;;
359;4.20209;0.257377;37.6847;0.158355;;
360;4.20213;0.256975;37.756;0.158655;;
361;4.20211;0.256563;37.8273;0.158955;;
362;4.20213;0.256191;37.8985;0.159254;;
363;4.20213;0.255486;37.9694;0.159552;;
364;4.20211;0.255183;38.0403;0.15985;;
365;4.20212;0.254766;38.1111;0.160147;;
366;4.20215;0.254274;38.1817;0.160444;;
367;4.20211;0.253826;38.2522;0.16074;;
368;4.20216;0.253556;38.3227;0.161036;;
369;4.20216;0.253012;38.3929;0.161332;;
370;4.20214;0.252453;38.4631;0.161626;;
371;4.20213;0.251955;38.5331;0.161921;;
372;4.20212;0.251385;38.6029;0.162214;;
373;4.20211;0.251055;38.6726;0.162507;;
374;4.20215;0.250662;38.7422;0.1628;;
375;4.20214;0.250247;38.8118;0.163092;;
376;4.20214;0.24977;38.8811;0.163383;;
377;4.20214;0.249246;38.9504;0.163674;;
378;4.20214;0.248795;39.0195;0.163965;;
379;4.20213;0.248213;39.0884;0.164254;;
380;4.20213;0.247746;39.1573;0.164543;;
381;4.20213;0.247463;39.226;0.164832;;
382;4.20214;0.246955;39.2946;0.165121;;
383;4.20212;0.246474;39.3631;0.165408;;
384;4.20212;0.245972;39.4314;0.165695;;
385;4.20211;0.245634;39.4996;0.165982;;
386;4.20213;0.245259;39.5677;0.166268;;
387;4.20213;0.245041;39.6358;0.166554;;
388;4.20213;0.244557;39.7037;0.16684;;
389;4.20213;0.244222;39.7716;0.167125;;
390;4.20215;0.24354;39.8392;0.167409;;
391;4.20214;0.243097;39.9068;0.167693;;
392;4.20213;0.242845;39.9742;0.167976;;
393;4.20212;0.242276;40.0415;0.168259;;
394;4.20213;0.241838;40.1087;0.168542;;
395;4.20212;0.241424;40.1758;0.168823;;
396;4.20212;0.241043;40.2427;0.169105;;
397;4.20213;0.240431;40.3095;0.169385;;
398;4.20212;0.240073;40.3762;0.169666;;
399;4.20211;0.239618;40.4427;0.169945;;
400;4.20212;0.239255;40.5092;0.170225;;
401;4.20212;0.238929;40.5756;0.170503;;
402;4.20214;0.238481;40.6418;0.170782;;
403;4.20216;0.238193;40.708;0.17106;;
404;4.20215;0.237685;40.774;0.171337;;
405;4.20216;0.237155;40.8399;0.171614;;
406;4.20214;0.236739;40.9056;0.17189;;
407;4.20216;0.236459;40.9713;0.172166;;
408;4.20214;0.235945;41.0369;0.172442;;
409;4.20216;0.235486;41.1023;0.172717;;
410;4.20212;0.234991;41.1676;0.172991;;
411;4.20216;0.234642;41.2327;0.173265;;
412;4.20214;0.234287;41.2978;0.173538;;
413;4.20213;0.233784;41.3627;0.173811;;
414;4.20212;0.233195;41.4275;0.174083;;
415;4.2021;0.232832;41.4922;0.174355;;
416;4.20211;0.232388;41.5568;0.174627;;
417;4.20209;0.23189;41.6212;0.174897;;
418;4.20211;0.231598;41.6855;0.175168;;
419;4.2021;0.23142;41.7498;0.175438;;
420;4.20215;0.231113;41.814;0.175707;;
421;4.20217;0.230614;41.878;0.175977;;
422;4.20214;0.230152;41.942;0.176245;;
423;4.20212;0.229718;42.0058;0.176513;;
424;4.20211;0.229156;42.0694;0.176781;;
425;4.20208;0.228709;42.133;0.177048;;
426;4.20212;0.228453;42.1964;0.177314;;
427;4.20213;0.228035;42.2598;0.177581;;
428;4.20211;0.227553;42.323;0.177846;;
429;4.20211;0.227097;42.3861;0.178111;;
430;4.20212;0.226639;42.449;0.178376;;
431;4.2021;0.226326;42.5119;0.17864;;
432;4.20213;0.225884;42.5746;0.178904;;
433;4.20209;0.225475;42.6373;0.179167;;
434;4.20211;0.225039;42.6998;0.17943;;
435;4.20207;0.224589;42.7622;0.179692;;
436;4.20211;0.224178;42.8244;0.179953;;
437;4.20211;0.224008;42.8867;0.180215;;
438;4.20215;0.223623;42.9488;0.180476;;
439;4.20214;0.223201;43.0108;0.180736;;
440;4.20216;0.222994;43.0727;0.180997;;
441;4.20215;0.222625;43.1346;0.181257;;
442;4.20216;0.22226;43.1963;0.181516;;
443;4.20213;0.221808;43.2579;0.181775;;
444;4.20213;0.22151;43.3194;0.182034;;
445;4.20212;0.221178;43.3809;0.182292;;
446;4.20214;0.220869;43.4422;0.18255;;
447;4.20212;0.220367;43.5034;0.182807;;
448;4.20212;0.219804;43.5645;0.183063;;
449;4.20208;0.21933;43.6254;0.183319;;
450;4.2021;0.218974;43.6863;0.183575;;
451;4.2021;0.218692;43.747;0.18383;;
452;4.20211;0.218397;43.8077;0.184085;;
453;4.20212;0.218038;43.8682;0.18434;;
454;4.20213;0.217683;43.9287;0.184594;;
455;4.20211;0.217515;43.9891;0.184848;;
456;4.20211;0.217004;44.0494;0.185101;;
457;4.20215;0.21675;44.1096;0.185354;;
458;4.20213;0.216302;44.1697;0.185606;;
459;4.20211;0.215843;44.2296;0.185858;;
460;4.20213;0.215556;44.2895;0.18611;;
461;4.20211;0.215191;44.3493;0.186361;;
462;4.20214;0.214821;44.409;0.186612;;
463;4.20213;0.214576;44.4686;0.186862;;
464;4.20217;0.214003;44.528;0.187112;;
465;4.20216;0.21392;44.5874;0.187362;;
466;4.20215;0.213479;44.6467;0.187611;;
467;4.20214;0.212946;44.7059;0.18786;;
468;4.20211;0.212476;44.7649;0.188108;;
469;4.20213;0.212294;44.8239;0.188355;;
470;4.20213;0.211584;44.8827;0.188602;;
471;4.20212;0.211064;44.9413;0.188849;;
472;4.20211;0.210862;44.9999;0.189095;;
473;4.20212;0.210613;45.0584;0.189341;;
474;4.20211;0.210379;45.1168;0.189586;;
475;4.20214;0.210095;45.1752;0.189832;;
476;4.20213;0.209943;45.2335;0.190077;;
477;4.20214;0.209471;45.2917;0.190321;;
478;4.20213;0.209023;45.3497;0.190565;;
479;4.20213;0.208506;45.4076;0.190808;;
480;4.20209;0.208233;45.4655;0.191051;;
481;4.20213;0.20799;45.5233;0.191294;;
482;4.20212;0.207759;45.581;0.191537;;
483;4.20213;0.207451;45.6386;0.191779;;
484;4.20214;0.207157;45.6961;0.192021;;
485;4.20214;0.206777;45.7536;0.192262;;
486;4.20216;0.206298;45.8109;0.192503;;
487;4.20212;0.205912;45.8681;0.192743;;
488;4.20212;0.20566;45.9252;0.192983;;
489;4.20215;0.205373;45.9823;0.193223;;
490;4.20213;0.205022;46.0392;0.193462;;
491;4.20216;0.204634;46.0961;0.193701;;
492;4.20213;0.204148;46.1528;0.19394;;
493;4.20212;0.203711;46.2093;0.194177;;
494;4.20211;0.203329;46.2658;0.194415;;
495;4.20211;0.202933;46.3222;0.194652;;
496;4.2021;0.202662;46.3785;0.194888;;
497;4.20214;0.20258;46.4348;0.195125;;
498;4.20215;0.202194;46.4909;0.195361;;
499;4.20214;0.201879;46.547;0.195596;;
500;4.20213;0.201559;46.603;0.195831;;
501;4.20212;0.201085;46.6589;0.196066;;
502;4.20212;0.200893;46.7147;0.196301;;
503;4.20212;0.200397;46.7703;0.196535;;
504;4.20214;0.200273;46.826;0.196768;;
505;4.20213;0.199898;46.8815;0.197002;;
506;4.2021;0.199391;46.9369;0.197234;;
507;4.20212;0.198882;46.9921;0.197467;;
508;4.20209;0.198674;47.0473;0.197698;;
509;4.20215;0.198588;47.1025;0.19793;;
510;4.20214;0.19824;47.1575;0.198162;;
511;4.20213;0.197709;47.2124;0.198392;;
512;4.20216;0.19742;47.2673;0.198623;;
513;4.20214;0.197102;47.322;0.198853;;
514;4.20216;0.19672;47.3767;0.199083;;
515;4.20214;0.19643;47.4312;0.199312;;
516;4.20213;0.195864;47.4857;0.19954;;
517;4.20213;0.195843;47.5401;0.199769;;
518;4.20214;0.1955;47.5944;0.199997;;
519;4.20215;0.19522;47.6486;0.200225;;
520;4.20212;0.194801;47.7027;0.200453;;
521;4.20213;0.194482;47.7567;0.20068;;
522;4.20212;0.19419;47.8107;0.200906;;
523;4.20212;0.193903;47.8645;0.201133;;
524;4.20213;0.193494;47.9183;0.201358;;
525;4.20213;0.193157;47.9719;0.201584;;
526;4.20212;0.192785;48.0255;0.201809;;
527;4.2021;0.192372;48.0789;0.202033;;
528;4.20211;0.192178;48.1323;0.202258;;
529;4.2021;0.191778;48.1856;0.202482;;
530;4.2021;0.19137;48.2387;0.202705;;
531;4.2021;0.1912;48.2918;0.202928;;
532;4.20211;0.19096;48.3449;0.203151;;
533;4.20211;0.190614;48.3978;0.203374;;
534;4.20212;0.190252;48.4507;0.203596;;
535;4.20209;0.190062;48.5035;0.203818;;
536;4.20211;0.189914;48.5562;0.204039;;
537;4.20213;0.189563;48.6089;0.20426;;
538;4.20215;0.189292;48.6615;0.204481;;
539;4.20213;0.188966;48.714;0.204702;;
540;4.20211;0.188657;48.7664;0.204922;;
541;4.20212;0.188317;48.8187;0.205142;;
542;4.20214;0.188068;48.8709;0.205362;;
543;4.20212;0.187781;48.9231;0.205581;;
544;4.20212;0.187324;48.9751;0.205799;;
545;4.20212;0.18683;49.027;0.206017;;
546;4.20211;0.186667;49.0789;0.206235;;
547;4.20212;0.186295;49.1306;0.206453;;
548;4.2021;0.186069;49.1823;0.20667;;
549;4.2021;0.185721;49.2339;0.206887;;
550;4.2021;0.185353;49.2854;0.207103;;
551;4.2021;0.185144;49.3368;0.207319;;
552;4.20213;0.184649;49.3881;0.207535;;
553;4.2021;0.184388;49.4393;0.20775;;
554;4.20209;0.184131;49.4905;0.207965;;
555;4.20212;0.183824;49.5415;0.208179;;
556;4.20211;0.183476;49.5925;0.208394;;
557;4.20209;0.183214;49.6434;0.208608;;
558;4.2021;0.183058;49.6942;0.208821;;
559;4.20214;0.18272;49.745;0.209034;;
560;4.20212;0.182399;49.7956;0.209247;;
561;4.20212;0.182148;49.8462;0.20946;;
562;4.20214;0.182038;49.8968;0.209672;;
563;4.20211;0.181597;49.9473;0.209884;;
564;4.20212;0.181256;49.9976;0.210096;;
565;4.20211;0.181003;50.0479;0.210307;;
566;4.20212;0.180781;50.0981;0.210518;;
567;4.20215;0.180553;50.1483;0.210729;;
568;4.20216;0.180121;50.1983;0.210939;;
569;4.20211;0.179793;50.2482;0.211149;;
570;4.20212;0.179515;50.2981;0.211359;;
571;4.20212;0.179107;50.3478;0.211568;;
572;4.20211;0.178926;50.3975;0.211777;;
573;4.20212;0.178494;50.4471;0.211985;;
574;4.20212;0.178378;50.4967;0.212193;;
575;4.20212;0.178029;50.5461;0.212401;;
576;4.2021;0.17762;50.5955;0.212608;;
577;4.20213;0.177558;50.6448;0.212816;;
578;4.20211;0.177164;50.694;0.213022;;
579;4.20211;0.176931;50.7432;0.213229;;
580;4.20209;0.176692;50.7922;0.213435;;
581;4.20209;0.176441;50.8412;0.213641;;
582;4.20211;0.176168;50.8902;0.213847;;
583;4.2021;0.175898;50.939;0.214052;;
584;4.20213;0.175494;50.9878;0.214257;;
585;4.20208;0.17517;51.0364;0.214461;;
586;4.20213;0.175105;51.0851;0.214666;;
587;4.20212;0.174763;51.1336;0.21487;;
588;4.20213;0.174391;51.1821;0.215073;;
589;4.20212;0.174277;51.2305;0.215277;;
590;4.20215;0.173955;51.2788;0.21548;;
591;4.20211;0.173814;51.3271;0.215683;;
592;4.20215;0.173473;51.3753;0.215885;;
593;4.20212;0.173155;51.4234;0.216087;;
594;4.20213;0.172778;51.4714;0.216289;;
595;4.20213;0.172675;51.5193;0.21649;;
596;4.20209;0.172477;51.5672;0.216692;;
597;4.20214;0.172095;51.615;0.216893;;
598;4.20213;0.171723;51.6627;0.217093;;
599;4.20212;0.171367;51.7103;0.217293;;
600;4.20213;0.171078;51.7579;0.217493;;
601;4.20214;0.170835;51.8053;0.217692;;
602;4.20213;0.170594;51.8527;0.217891;;
603;4.20212;0.170187;51.9;0.21809;;
604;4.20209;0.16993;51.9472;0.218288;;
605;4.20212;0.169624;51.9943;0.218486;;
606;4.2021;0.169292;52.0413;0.218684;;
607;4.20211;0.169096;52.0883;0.218881;;
608;4.2021;0.16886;52.1352;0.219078;;
609;4.20211;0.16857;52.182;0.219275;;
610;4.20211;0.168315;52.2288;0.219472;;
611;4.2021;0.167879;52.2754;0.219668;;
612;4.20209;0.167611;52.322;0.219863;;
613;4.20209;0.167541;52.3685;0.220059;;
614;4.20209;0.167097;52.4149;0.220254;;
615;4.2021;0.166925;52.4613;0.220449;;
616;4.20209;0.166689;52.5076;0.220643;;
617;4.20209;0.16643;52.5538;0.220838;;
618;4.20208;0.166153;52.6;0.221032;;
619;4.2021;0.16588;52.6461;0.221225;;
620;4.20214;0.165583;52.6921;0.221418;;
621;4.2021;0.165233;52.738;0.221611;;
622;4.20207;0.164865;52.7838;0.221804;;
623;4.2021;0.164734;52.8295;0.221996;;
624;4.20211;0.164603;52.8752;0.222188;;
625;4.20213;0.164331;52.9209;0.22238;;
626;4.20214;0.163886;52.9664;0.222571;;
627;4.20209;0.163487;53.0118;0.222762;;
628;4.20208;0.163378;53.0572;0.222953;;
629;4.2021;0.163086;53.1025;0.223143;;
630;4.20209;0.162794;53.1477;0.223333;;
631;4.20208;0.162481;53.1929;0.223523;;
632;4.20206;0.162177;53.2379;0.223712;;
633;4.20207;0.162058;53.2829;0.223901;;
634;4.2021;0.162041;53.3279;0.22409;;
635;4.20209;0.161833;53.3729;0.224279;;
636;4.2021;0.161496;53.4178;0.224468;;
637;4.20211;0.161296;53.4626;0.224656;;
638;4.20211;0.160905;53.5073;0.224844;;
639;4.20211;0.160853;53.5519;0.225032;;
640;4.20211;0.160563;53.5965;0.225219;;
641;4.20211;0.160286;53.6411;0.225406;;
642;4.2021;0.160126;53.6855;0.225593;;
643;4.20213;0.15983;53.7299;0.22578;;
644;4.20212;0.159626;53.7743;0.225966;;
645;4.20211;0.159411;53.8186;0.226152;;
646;4.20213;0.159212;53.8628;0.226338;;
647;4.20213;0.158894;53.9069;0.226523;;
648;4.20212;0.158768;53.951;0.226709;;
649;4.20214;0.158572;53.9951;0.226894;;
650;4.20216;0.158556;54.0391;0.227079;;
651;4.20216;0.158381;54.0831;0.227264;;
652;4.20214;0.157979;54.127;0.227448;;
653;4.20213;0.157659;54.1708;0.227632;;
654;4.20213;0.157353;54.2145;0.227816;;
655;4.20214;0.156964;54.2581;0.227999;;
656;4.20213;0.156802;54.3017;0.228182;;
657;4.20215;0.156463;54.3451;0.228365;;
658;4.20209;0.156073;54.3885;0.228547;;
659;4.2021;0.155885;54.4318;0.228729;;
660;4.20209;0.155615;54.475;0.228911;;
661;4.20214;0.155493;54.5182;0.229092;;
662;4.20213;0.155162;54.5613;0.229273;;
663;4.20208;0.154815;54.6043;0.229454;;
664;4.20211;0.154741;54.6473;0.229634;;
665;4.20214;0.154589;54.6902;0.229815;;
666;4.20214;0.154208;54.7331;0.229995;;
667;4.20214;0.154104;54.7759;0.230175;;
668;4.20214;0.154012;54.8186;0.230355;;
669;4.20213;0.153509;54.8613;0.230534;;
670;4.2021;0.153221;54.9038;0.230713;;
671;4.20213;0.152935;54.9463;0.230891;;
672;4.20211;0.152826;54.9888;0.231069;;
673;4.20214;0.152546;55.0312;0.231248;;
674;4.2021;0.152288;55.0735;0.231425;;
675;4.20213;0.152159;55.1157;0.231603;;
676;4.20214;0.151945;55.1579;0.23178;;
677;4.20214;0.151637;55.2;0.231957;;
678;4.20213;0.151301;55.2421;0.232134;;
679;4.20215;0.151092;55.284;0.23231;;
680;4.20212;0.150912;55.326;0.232486;;
681;4.20215;0.150799;55.3679;0.232662;;
682;4.20215;0.150434;55.4096;0.232838;;
683;4.20215;0.150373;55.4514;0.233014;;
684;4.20213;0.150133;55.4931;0.233189;;
685;4.20215;0.149941;55.5348;0.233364;;
686;4.20213;0.149475;55.5763;0.233538;;
687;4.20211;0.149191;55.6177;0.233712;;
688;4.20212;0.14901;55.6591;0.233886;;
689;4.20212;0.148781;55.7004;0.23406;;
690;4.20211;0.148483;55.7417;0.234233;;
691;4.2021;0.148245;55.7829;0.234406;;
692;4.2021;0.148009;55.824;0.234579;;
693;4.2021;0.147837;55.8651;0.234752;;
694;4.20211;0.147491;55.906;0.234924;;
695;4.2021;0.14729;55.9469;0.235096;;
696;4.20213;0.147236;55.9878;0.235268;;
697;4.20215;0.14699;56.0287;0.235439;;
698;4.20212;0.146799;56.0694;0.235611;;
699;4.20211;0.146682;56.1102;0.235782;;
700;4.20212;0.146441;56.1509;0.235953;;
701;4.20215;0.14621;56.1915;0.236123;;
702;4.20216;0.145858;56.232;0.236294;;
703;4.20213;0.145705;56.2725;0.236464;;
704;4.20216;0.145442;56.3129;0.236633;;
705;4.20215;0.145334;56.3532;0.236803;;
706;4.20214;0.145309;56.3936;0.236973;;
707;4.20214;0.145038;56.4339;0.237142;;
708;4.20213;0.144696;56.4741;0.237311;;
709;4.20215;0.144455;56.5142;0.23748;;
710;4.20214;0.144126;56.5542;0.237648;;
711;4.20213;0.143817;56.5942;0.237816;;
712;4.20217;0.143649;56.6341;0.237983;;
713;4.20215;0.143273;56.6739;0.238151;;
714;4.20211;0.142959;56.7136;0.238317;;
715;4.20214;0.142793;56.7533;0.238484;;
716;4.20215;0.142812;56.7929;0.238651;;
717;4.20214;0.142508;56.8325;0.238817;;
718;4.20213;0.142314;56.8721;0.238983;;
719;4.20214;0.142231;56.9116;0.239149;;
720;4.20216;0.142131;56.951;0.239315;;
721;4.20215;0.141946;56.9905;0.239481;;
722;4.20215;0.141422;57.0298;0.239646;;
723;4.20215;0.141152;57.069;0.239811;;
724;4.20214;0.14105;57.1082;0.239975;;
725;4.20214;0.140743;57.1472;0.24014;;
726;4.20211;0.14056;57.1863;0.240304;;
727;4.20214;0.140381;57.2253;0.240468;;
728;4.20216;0.140176;57.2642;0.240631;;
729;4.20216;0.139927;57.3031;0.240795;;
730;4.20215;0.140024;57.342;0.240958;;
731;4.20215;0.139804;57.3808;0.241121;;
732;4.20216;0.139408;57.4195;0.241284;;
733;4.20216;0.139094;57.4582;0.241446;;
734;4.20217;0.138728;57.4967;0.241608;;
735;4.20214;0.138606;57.5352;0.24177;;
736;4.20212;0.138206;57.5736;0.241931;;
737;4.20211;0.137968;57.6119;0.242092;;
738;4.20213;0.137788;57.6502;0.242253;;
739;4.20212;0.137655;57.6884;0.242414;;
740;4.20211;0.137278;57.7266;0.242574;;
741;4.20211;0.137073;57.7647;0.242734;;
742;4.20209;0.136769;57.8026;0.242894;;
743;4.20212;0.136647;57.8406;0.243053;;
744;4.20208;0.136375;57.8785;0.243212;;
745;4.20212;0.136401;57.9164;0.243372;;
746;4.20211;0.136267;57.9542;0.243531;;
747;4.20214;0.13619;57.9921;0.24369;;
748;4.20213;0.13586;58.0298;0.243848;;
749;4.20212;0.13565;58.0675;0.244007;;
750;4.20214;0.135397;58.1051;0.244165;;
751;4.20212;0.135281;58.1427;0.244323;;
752;4.20214;0.135007;58.1802;0.24448;;
753;4.20211;0.134585;58.2176;0.244637;;
754;4.2021;0.134418;58.2549;0.244794;;
755;4.20211;0.134179;58.2922;0.244951;;
756;4.20214;0.133935;58.3294;0.245107;;
757;4.2021;0.13376;58.3665;0.245263;;
758;4.20207;0.133355;58.4036;0.245419;;
759;4.2021;0.133412;58.4406;0.245575;;
760;4.20212;0.133135;58.4776;0.24573;;
761;4.2021;0.132972;58.5145;0.245885;;
762;4.2021;0.132898;58.5515;0.24604;;
763;4.20211;0.132699;58.5883;0.246195;;
764;4.20212;0.132519;58.6251;0.24635;;
765;4.20217;0.132519;58.6619;0.246505;;
766;4.20211;0.131974;58.6986;0.246659;;
767;4.20213;0.131692;58.7352;0.246812;;
768;4.20212;0.131473;58.7717;0.246966;;
769;4.2021;0.131223;58.8082;0.247119;;
770;4.20209;0.131162;58.8446;0.247272;;
771;4.2021;0.131068;58.881;0.247425;;
772;4.20212;0.131103;58.9174;0.247578;;
773;4.20213;0.130951;58.9538;0.247731;;
774;4.20213;0.130718;58.9901;0.247884;;
775;4.20213;0.130347;59.0263;0.248036;;
776;4.20209;0.130064;59.0624;0.248188;;
777;4.20209;0.129581;59.0984;0.248339;
0;4.18562;0.00965401;0;0;;
2;4.18557;0.00965491;0.00536384;2.24507e-05;;
3;4.20216;0.174701;0.0538919;0.000226373;;
4;4.20215;0.171266;0.101466;0.000426286;;
5;4.20216;0.168902;0.148383;0.00062344;;
6;4.20216;0.167032;0.194781;0.000818411;;
7;4.20214;0.165267;0.240688;0.00101132;;
8;4.20214;0.163626;0.28614;0.00120231;;
9;4.20212;0.162022;0.331146;0.00139144;;
10;4.20212;0.160786;0.375809;0.00157911;;
11;4.20215;0.159715;0.420174;0.00176554;;
12;4.20212;0.158317;0.464151;0.00195034;;
13;4.20213;0.157255;0.507833;0.0021339;;
14;4.20211;0.156113;0.551198;0.00231612;;
15;4.20213;0.155202;0.594309;0.00249728;;
16;4.20212;0.154256;0.637158;0.00267734;;
17;4.20214;0.153246;0.679727;0.00285622;;
18;4.20212;0.152275;0.722025;0.00303396;;
19;4.20211;0.151143;0.764009;0.00321038;;
20;4.20212;0.150377;0.805781;0.00338591;;
21;4.20212;0.149696;0.847363;0.00356064;;
22;4.20211;0.148981;0.888747;0.00373454;;
23;4.2021;0.148303;0.929942;0.00390765;;
24;4.20211;0.147521;0.97092;0.00407984;;
25;4.2021;0.146551;1.01163;0.0042509;;
26;4.20211;0.145994;1.05218;0.00442132;;
27;4.20211;0.145355;1.09256;0.00459098;;
28;4.2021;0.144636;1.13274;0.00475981;;
29;4.20211;0.1441;1.17276;0.00492801;;
30;4.20211;0.14338;1.21259;0.00509537;;
31;4.20212;0.142858;1.25227;0.00526212;;
32;4.20215;0.142045;1.29173;0.00542793;;
33;4.20214;0.141514;1.33104;0.00559311;;
34;4.20214;0.140919;1.37018;0.0057576;;
35;4.20212;0.140542;1.40922;0.00592165;;
36;4.20212;0.139939;1.4481;0.00608499;;
37;4.20213;0.139388;1.48681;0.00624769;;
38;4.20212;0.138954;1.52541;0.00640989;;
39;4.20212;0.13845;1.56387;0.0065715;;
40;4.20213;0.137936;1.60219;0.0067325;;
41;4.20213;0.137223;1.6403;0.00689268;;
42;4.20215;0.136808;1.67831;0.00705237;;
43;4.20213;0.136403;1.7162;0.00721159;;
44;4.20214;0.135939;1.75396;0.00737026;;
45;4.20213;0.135491;1.79159;0.00752842;;
46;4.20212;0.135219;1.82915;0.00768625;;
47;4.20217;0.134841;1.86661;0.00784365;;
48;4.20214;0.134272;1.90391;0.00800038;;
49;4.20214;0.133667;1.94104;0.0081564;;
50;4.20213;0.133249;1.97805;0.00831194;;
51;4.20215;0.132925;2.01497;0.0084671;;
52;4.20213;0.132715;2.05184;0.00862201;;
53;4.20218;0.132328;2.0886;0.00877647;;
54;4.20216;0.132041;2.12528;0.0089306;;
55;4.20218;0.131623;2.16184;0.00908424;;
56;4.20217;0.131297;2.19831;0.0092375;;
57;4.20218;0.130951;2.23468;0.00939035;;
58;4.20216;0.130442;2.27092;0.00954261;;
59;4.20218;0.130016;2.30703;0.00969438;;
60;4.20217;0.129511;2.34301;0.00984555;
0;4.18739;0.00964411;0;0;;
2;4.18734;0.0096519;0.00536217;2.24532e-05;;
3;4.2021;0.155332;0.0485099;0.000203764;;
4;4.20212;0.152469;0.0908624;0.000381735;;
5;4.20211;0.15049;0.132665;0.000557395;;
6;4.20212;0.14906;0.174071;0.000731386;;
7;4.20215;0.147621;0.215077;0.000903698;;
8;4.20211;0.146169;0.255679;0.00107431;;
9;4.20214;0.145137;0.295995;0.00124373;;
10;4.20212;0.143984;0.33599;0.00141179;;
11;4.20212;0.142936;0.375695;0.00157864;;
12;4.20212;0.142003;0.41514;0.00174439;;
13;4.20213;0.141025;0.454314;0.001909;;
14;4.2021;0.139945;0.493187;0.00207235;;
15;4.2021;0.139107;0.531828;0.00223473;;
16;4.2021;0.13828;0.570239;0.00239613;;
17;4.20209;0.137554;0.608449;0.00255669;;
18;4.2021;0.136703;0.646422;0.00271626;;
19;4.2021;0.135984;0.684195;0.00287499;;
20;4.20209;0.135493;0.721832;0.00303314;;
21;4.20208;0.134917;0.759309;0.00319062;;
22;4.20211;0.134138;0.79657;0.00334719;;
23;4.20211;0.13355;0.833667;0.00350308;;
24;4.20212;0.133018;0.870616;0.00365835;;
25;4.20209;0.132459;0.90741;0.00381296;;
26;4.2021;0.131971;0.944069;0.003967;;
27;4.20213;0.13146;0.980586;0.00412045;;
28;4.20213;0.130851;1.01693;0.00427319;;
29;4.20214;0.130222;1.05311;0.00442519;;
30;4.20213;0.129496;1.08908;0.00457635;
0;4.18743;0.00964867;0;0;;
2;4.18738;0.00965459;0.00536366;2.24597e-05;;
3;4.20209;0.154414;0.0482564;0.000202699;;
4;4.2021;0.151684;0.0903909;0.000379752;;
5;4.20211;0.149688;0.131971;0.000554476;;
6;4.20212;0.147986;0.173078;0.000727213;;
7;4.2021;0.14655;0.213786;0.000898274;;
8;4.20211;0.144998;0.254064;0.00106752;;
9;4.20208;0.143666;0.293971;0.00123522;;
10;4.20211;0.142584;0.333578;0.00140165;;
11;4.20209;0.141411;0.372858;0.00156671;;
12;4.2021;0.140594;0.411912;0.00173082;;
13;4.20209;0.139578;0.450684;0.00189374;;
14;4.20211;0.138738;0.489222;0.00205568;;
15;4.20211;0.13782;0.527506;0.00221655;;
16;4.20211;0.136952;0.565548;0.00237641;;
17;4.20213;0.136113;0.603357;0.00253529;;
18;4.20211;0.135309;0.640943;0.00269323;;
19;4.2021;0.134519;0.678309;0.00285025;;
20;4.20208;0.133811;0.715479;0.00300644;;
21;4.20213;0.133069;0.752443;0.00316176;;
22;4.20211;0.132522;0.789254;0.00331645;;
23;4.20212;0.13179;0.825863;0.00347028;;
24;4.2021;0.131136;0.862289;0.00362335;;
25;4.20213;0.13043;0.89852;0.0037756;;
26;4.2021;0.129585;0.934516;0.00392685;
0;4.18556;0.00966064;0;0;;
2;4.18556;0.00966495;0.00536942;2.2474e-05;;
3;4.2021;0.174535;0.0538514;0.0002262;;
4;4.20205;0.170982;0.101346;0.000425776;;
5;4.20207;0.168498;0.148151;0.000622454;;
6;4.20208;0.166181;0.194313;0.000816428;;
7;4.20204;0.164304;0.239953;0.00100821;;
8;4.20205;0.162665;0.285137;0.00119808;;
9;4.20203;0.161162;0.329905;0.00138619;;
10;4.20206;0.159817;0.374298;0.00157274;;
11;4.20204;0.158487;0.418322;0.00175773;;
12;4.20203;0.157257;0.462005;0.00194128;;
13;4.20206;0.155848;0.505296;0.00212319;;
14;4.20202;0.154633;0.54825;0.00230369;;
15;4.20204;0.153459;0.590877;0.00248281;;
16;4.20205;0.152473;0.633231;0.00266078;;
17;4.20204;0.151395;0.675285;0.00283749;;
18;4.20202;0.150359;0.717051;0.003013;;
19;4.20204;0.149508;0.758581;0.00318751;;
20;4.20206;0.148637;0.799869;0.003361;;
21;4.20205;0.147711;0.8409;0.00353342;;
22;4.20205;0.146906;0.881707;0.00370489;;
23;4.20206;0.145966;0.922254;0.00387527;;
24;4.20207;0.145071;0.962551;0.0040446;;
25;4.20204;0.14426;1.00262;0.00421299;;
26;4.20208;0.143459;1.04247;0.00438044;;
27;4.20206;0.142733;1.08212;0.00454704;;
28;4.2021;0.142221;1.12163;0.00471305;;
29;4.2021;0.141527;1.16094;0.00487825;;
30;4.2021;0.140795;1.20005;0.00504259;;
31;4.20211;0.140009;1.23894;0.00520601;;
32;4.20208;0.139288;1.27763;0.0053686;;
33;4.20208;0.138508;1.31611;0.00553027;;
34;4.20207;0.137774;1.35438;0.00569109;;
35;4.20207;0.137264;1.39251;0.00585131;;
36;4.2021;0.13655;1.43044;0.00601069;;
37;4.20207;0.135957;1.4682;0.00616939;;
38;4.20206;0.135339;1.5058;0.00632736;;
39;4.20206;0.134708;1.54322;0.0064846;;
40;4.20205;0.134016;1.58044;0.00664103;;
41;4.20209;0.133586;1.61755;0.00679695;;
42;4.20205;0.133015;1.6545;0.00695221;;
43;4.20208;0.132497;1.6913;0.00710687;;
44;4.20208;0.132022;1.72798;0.00726097;;
45;4.20211;0.131442;1.76449;0.0074144;;
46;4.20205;0.130844;1.80083;0.00756712;;
47;4.20203;0.130249;1.83701;0.00771915;;
48;4.20208;0.129717;1.87305;0.00787057;
0;4.18069;0.00965058;0;0;;
2;4.18068;0.00965935;0.00536631;2.24348e-05;;
3;4.202;0.225656;0.0680485;0.000285826;;
4;4.20201;0.221377;0.129542;0.000544222;;
5;4.20196;0.218273;0.190174;0.000798993;;
6;4.202;0.215883;0.250141;0.00105098;;
7;4.20201;0.213467;0.309437;0.00130014;;
8;4.202;0.211654;0.36823;0.00154719;;
9;4.20205;0.209634;0.426462;0.00179188;;
10;4.20208;0.208193;0.484293;0.00203489;;
11;4.20205;0.20663;0.54169;0.00227608;;
12;4.20208;0.205002;0.598635;0.00251537;;
13;4.20209;0.203351;0.655122;0.00275273;;
14;4.20209;0.201879;0.711199;0.00298837;;
15;4.20208;0.200203;0.766811;0.00322206;;
16;4.20206;0.198633;0.821987;0.00345391;;
17;4.20207;0.197224;0.876772;0.00368412;;
18;4.20205;0.195906;0.93119;0.00391278;;
19;4.20208;0.194514;0.985222;0.00413983;;
20;4.20205;0.193197;1.03889;0.00436534;;
21;4.20205;0.192134;1.09226;0.0045896;;
22;4.20208;0.190947;1.1453;0.00481248;;
23;4.20206;0.190092;1.1981;0.00503437;;
24;4.20208;0.189142;1.25064;0.00525514;;
25;4.2021;0.188199;1.30292;0.00547482;;
26;4.20205;0.186696;1.35478;0.00569273;;
27;4.20207;0.18562;1.40634;0.0059094;;
28;4.20204;0.184508;1.45759;0.00612476;;
29;4.20203;0.18338;1.50853;0.00633881;;
30;4.20203;0.182449;1.55921;0.00655177;;
31;4.20203;0.18153;1.60964;0.00676366;;
32;4.20202;0.180666;1.65982;0.00697453;;
33;4.20205;0.179815;1.70977;0.00718442;;
34;4.20203;0.178779;1.75943;0.0073931;;
35;4.202;0.178139;1.80891;0.00760103;;
36;4.202;0.177049;1.85809;0.00780768;;
37;4.202;0.176323;1.90707;0.00801349;;
38;4.20198;0.175652;1.95587;0.00821851;;
39;4.20203;0.174724;2.0044;0.00842246;;
40;4.202;0.173885;2.0527;0.00862542;;
41;4.20203;0.173158;2.1008;0.00882753;;
42;4.20202;0.17248;2.14871;0.00902886;;
43;4.20202;0.171603;2.19638;0.00922916;;
44;4.20202;0.170897;2.24385;0.00942863;;
45;4.20205;0.170139;2.29111;0.00962722;;
46;4.20201;0.169519;2.3382;0.00982509;;
47;4.20201;0.168902;2.38512;0.0100222;;
48;4.20203;0.168189;2.43184;0.0102186;;
49;4.202;0.167629;2.4784;0.0104142;;
50;4.20203;0.166881;2.52476;0.010609;;
51;4.20202;0.166457;2.57099;0.0108033;;
52;4.20203;0.165702;2.61702;0.0109967;;
53;4.20202;0.165202;2.66291;0.0111895;;
54;4.20203;0.164557;2.70862;0.0113816;;
55;4.20201;0.163788;2.75412;0.0115728;;
56;4.20201;0.163308;2.79948;0.0117634;;
57;4.20201;0.162682;2.84467;0.0119533;;
58;4.20198;0.162186;2.88972;0.0121426;;
59;4.20201;0.161815;2.93467;0.0123315;;
60;4.20206;0.16137;2.9795;0.0125198;;
61;4.20203;0.160893;3.02419;0.0127076;;
62;4.20205;0.16045;3.06876;0.0128949;;
63;4.20205;0.159922;3.11318;0.0130816;;
64;4.20208;0.159412;3.15746;0.0132677;;
65;4.20203;0.158843;3.20159;0.0134531;;
66;4.20203;0.158305;3.24556;0.0136378;;
67;4.20204;0.15784;3.2894;0.0138221;;
68;4.20204;0.157114;3.33305;0.0140055;;
69;4.20204;0.156666;3.37656;0.0141883;;
70;4.20203;0.156069;3.41992;0.0143705;;
71;4.20202;0.155572;3.46313;0.0145521;;
72;4.20202;0.155003;3.50619;0.014733;;
73;4.20203;0.154651;3.54915;0.0149135;;
74;4.20203;0.15404;3.59194;0.0150933;;
75;4.20202;0.153658;3.63462;0.0152727;;
76;4.20201;0.153088;3.67714;0.0154514;;
77;4.20202;0.152587;3.71953;0.0156295;;
78;4.202;0.152164;3.7618;0.0158071;;
79;4.20198;0.151684;3.80393;0.0159841;;
80;4.20201;0.151274;3.84595;0.0161607;;
81;4.202;0.150786;3.88784;0.0163367;;
82;4.20201;0.150192;3.92956;0.016512;;
83;4.20201;0.150053;3.97124;0.0166872;;
84;4.20202;0.149838;4.01286;0.016862;;
85;4.20201;0.149395;4.05436;0.0170364;;
86;4.20202;0.149046;4.09576;0.0172104;;
87;4.20206;0.148888;4.13712;0.0173842;;
88;4.20208;0.148591;4.17839;0.0175576;;
89;4.20209;0.148336;4.2196;0.0177308;;
90;4.20207;0.148032;4.26072;0.0179036;;
91;4.20208;0.147647;4.30173;0.0180759;;
92;4.20208;0.147324;4.34265;0.0182479;;
93;4.20211;0.146852;4.38345;0.0184193;;
94;4.20212;0.1464;4.42411;0.0185902;;
95;4.2021;0.146089;4.46469;0.0187607;;
96;4.20209;0.145608;4.50514;0.0189306;;
97;4.20208;0.145077;4.54544;0.0191;;
98;4.20209;0.144666;4.58562;0.0192688;;
99;4.20206;0.144221;4.62568;0.0194372;;
100;4.20208;0.143915;4.66566;0.0196052;;
101;4.20208;0.14351;4.70552;0.0197727;;
102;4.20208;0.143186;4.7453;0.0199398;;
103;4.20207;0.142878;4.78499;0.0201066;;
104;4.20211;0.142489;4.82457;0.0202729;;
105;4.20205;0.14193;4.86399;0.0204386;;
106;4.20206;0.141262;4.90323;0.0206035;;
107;4.20201;0.140722;4.94232;0.0207677;;
108;4.20204;0.1403;4.98129;0.0209315;;
109;4.20201;0.139844;5.02014;0.0210947;;
110;4.20202;0.139546;5.0589;0.0212576;;
111;4.20202;0.139111;5.09754;0.02142;;
112;4.20201;0.138713;5.13607;0.0215819;;
113;4.20202;0.138464;5.17454;0.0217435;;
114;4.20204;0.138279;5.21295;0.0219049;;
115;4.20201;0.137888;5.25125;0.0220658;;
116;4.20202;0.137401;5.28942;0.0222262;;
117;4.20199;0.137035;5.32748;0.0223862;;
118;4.20203;0.136686;5.36545;0.0225457;;
119;4.20198;0.136274;5.4033;0.0227048;;
120;4.20201;0.135995;5.44108;0.0228635;;
121;4.20197;0.135571;5.47874;0.0230218;;
122;4.20199;0.13515;5.51628;0.0231795;;
123;4.20199;0.135086;5.55381;0.0233372;;
124;4.20202;0.1347;5.59122;0.0234944;;
125;4.20203;0.134416;5.62856;0.0236513;;
126;4.20198;0.133996;5.66578;0.0238077;;
127;4.20199;0.133709;5.70292;0.0239638;;
128;4.20201;0.133418;5.73998;0.0241195;;
129;4.20202;0.133255;5.777;0.024275;;
130;4.20201;0.133029;5.81395;0.0244303;;
131;4.20204;0.132779;5.85083;0.0245853;;
132;4.20202;0.132385;5.88761;0.0247398;;
133;4.20204;0.131996;5.92427;0.0248939;;
134;4.20203;0.131703;5.96086;0.0250476;;
135;4.202;0.131379;5.99735;0.025201;;
136;4.20202;0.13113;6.03378;0.025354;;
137;4.20201;0.130723;6.07009;0.0255066;;
138;4.20202;0.130462;6.10633;0.0256589;;
139;4.20204;0.130076;6.14246;0.0258107;;
140;4.20201;0.129811;6.17852;0.0259622;
0;4.18513;0.00966657;0;0;;
2;4.18511;0.00966507;0.00536948;2.24719e-05;;
3;4.27641;1.0005;0.283286;0.00121096;;
4;4.27713;1.00026;0.561136;0.00239936;;
5;4.27848;1.00021;0.838972;0.00358807;;
6;4.27965;1.00021;1.11681;0.00477712;;
7;4.28067;1.00019;1.39464;0.00596642;;
8;4.28167;1.00018;1.67247;0.00715598;;
9;4.28259;1.00017;1.95029;0.00834579;;
10;4.28345;1.00016;2.22811;0.00953583;;
11;4.28423;1.00016;2.50594;0.0107261;;
12;4.285;1.00015;2.78376;0.0119165;;
13;4.28579;1.00016;3.06158;0.0131072;;
14;4.28654;1.00016;3.3394;0.0142981;;
15;4.28727;1.00015;3.61722;0.0154892;;
16;4.28799;1.00015;3.89504;0.0166805;;
17;4.28867;1.00016;4.17286;0.017872;;
18;4.28933;1.00016;4.45068;0.0190637;;
19;4.28998;1.00015;4.7285;0.0202555;;
20;4.29059;1.00016;5.00633;0.0214475;;
21;4.29119;1.00015;5.28414;0.0226397;;
22;4.29178;1.00016;5.56197;0.023832;;
23;4.29236;1.00014;5.83978;0.0250245;;
24;4.2929;1.00014;6.1176;0.0262172;;
25;4.29346;1.00015;6.39542;0.02741;;
26;4.29406;1.00015;6.67324;0.028603;;
27;4.29462;1.00015;6.95106;0.0297961;;
28;4.29517;1.00015;7.22888;0.0309894;;
